Area;Regione;Prov;Cap;2023_1_SUP_NORM;2023_2_SUP_NORM;2023_3_SUP_NORM;2023_4_SUP_NORM;2024_1_SUP_NORM;2024_2_SUP_NORM;2024_3_SUP_NORM;2024_4_SUP_NORM
Nord Ovest;Liguria;GE;cap;4053,472;4598,86;3957,492;4025,458;3920,896;5436,474;4450,974;4773,362
Nord Ovest;Liguria;GE;NonCap;3886,654;3822,404;3848,752;4757,434;4054,096;4749,226;4416,192;4435,488
Nord Ovest;Liguria;IM;cap;612,164;391,672;612,762;637,104;526,52;474,832;426,31;476,18
Nord Ovest;Liguria;IM;NonCap;4546,026;5411,16;5101,658;5083,918;4153,856;4466,07;4372,258;5273,72
Nord Ovest;Liguria;SP;cap;949,37;1117,07;831,194;1101,508;656,72;1289,736;724,238;792,588
Nord Ovest;Liguria;SP;NonCap;1657,186;2047,158;1546,118;2300,372;1680,97;2172,6;1611,762;1571,92
Nord Ovest;Liguria;SV;cap;619,49;670,936;469,322;876,326;471,948;683,022;748,7;848,12
Nord Ovest;Liguria;SV;NonCap;4516,968;4717,204;3998,23;4684,904;4012,03;4933,27;3941,054;5710,298
Nord Ovest;Lombardia;BG;cap;1598,982;1185,466;1174,286;1737,266;1398,542;1886,994;1434,86;2138,35
Nord Ovest;Lombardia;BG;NonCap;6974,514;7527,2;6591,022;9665,99;6969,674;8995,258;7938,536;12184,112
Nord Ovest;Lombardia;BS;cap;1836,988;1640,066;1562,772;2069,666;2426,7;2093,646;2227,232;2671,438
Nord Ovest;Lombardia;BS;NonCap;6595,68;5897,692;6143,392;8535,666;6307,524;7199,04;6594,206;8825,368
Nord Ovest;Lombardia;CO;cap;829,452;1044,9;1004,158;1377,576;1108,754;1460,192;798,088;1282,842
Nord Ovest;Lombardia;CO;NonCap;5442,206;6367,036;5719,928;6445,02;5359,388;6050,022;4803,498;8491,846
Nord Ovest;Lombardia;CR;cap;650,812;901,45;817,368;1002,95;555,056;947,3;654,7;1629,42
Nord Ovest;Lombardia;CR;NonCap;1288,914;1482,774;980,42;1355;1352,682;1645,15;1045,75;1280,632
Nord Ovest;Lombardia;LC;cap;386,48;605,668;487,298;928,758;496,79;546,63;459,722;803,33
Nord Ovest;Lombardia;LC;NonCap;2682,24;2898,656;2631,322;3685,714;2605,948;2880,404;2351,854;3245,308
Nord Ovest;Lombardia;LO;cap;314,93;586,3;573,568;420,848;478,256;749;311,084;500,6
Nord Ovest;Lombardia;LO;NonCap;807,25;898,03;804,608;1625,68;905,13;1194,08;1085,83;1404,68
Nord Ovest;Lombardia;MI;cap;19547,536;21704,482;18667,374;26462,374;18232,45;19868,166;15922,11;28005,528
Nord Ovest;Lombardia;MI;NonCap;24544,012;28258,036;22273,57;34070,2;22874,832;28615,25;26103,434;38316,31
Nord Ovest;Lombardia;MN;cap;652;609,66;354,1;382,28;580,78;506,4;408,3;850,218
Nord Ovest;Lombardia;MN;NonCap;1221,17;1208,77;1435,77;1386,008;1320,72;1153,828;1129,778;1482,918
Nord Ovest;Lombardia;PV;cap;887,326;933,05;538,76;895,45;497,032;1064,83;1063,676;1364,668
Nord Ovest;Lombardia;PV;NonCap;3312,17;3033,046;2975,546;5001,634;3797,37;3780,964;3617,762;5641,856
Nord Ovest;Lombardia;SO;cap;568,9;391,69;489,48;396,548;318,152;184,008;362,058;585,208
Nord Ovest;Lombardia;SO;NonCap;3478,53;4163,632;4459,9;5495,92;3373,808;4272,846;3963,742;6121,01
Nord Ovest;Lombardia;VA;cap;916,846;901,16;637,54;948,08;765,692;1040,516;717,95;833,93
Nord Ovest;Lombardia;VA;NonCap;7348,106;7590,538;7445,648;9085,78;6090,642;8582,624;7705,628;9611,376
Nord Ovest;Piemonte;AL;cap;901,842;1156,768;767,4;1505;902,1;829,7;992,562;1117,39
Nord Ovest;Piemonte;AL;NonCap;2923,032;3832,298;3459,928;3532,022;3114,596;4316,58;3622,12;4224,432
Nord Ovest;Piemonte;AT;cap;778,59;881,67;514,84;884,378;925,9;812,9;748,14;952,18
Nord Ovest;Piemonte;AT;NonCap;869,81;932,122;1204,312;1010,73;1227,022;1377,398;1491,888;1441,072
Nord Ovest;Piemonte;BI;cap;868,71;1405,084;856,84;1224,73;1048,01;1135,6;1086,316;999,9
Nord Ovest;Piemonte;BI;NonCap;2211,638;2367,36;1831,17;3486,28;2541,886;2117,51;2469,996;3401,71
Nord Ovest;Piemonte;CN;cap;1112,81;1224,254;846,59;1347,18;1092,9;1493,426;1738,58;1755,64
Nord Ovest;Piemonte;CN;NonCap;7968,076;8987,09;7148,858;9335,396;6334,556;7672,012;8474,328;10083,46
Nord Ovest;Piemonte;NO;cap;1115,88;1532,412;858;1273,78;799,682;1584,414;948,78;1365,856
Nord Ovest;Piemonte;NO;NonCap;2009,65;2472,794;1980,918;2771,47;2048,63;2530,122;2282,276;2444,884
Nord Ovest;Piemonte;TO;cap;14011,506;15932,398;12113,702;18735,184;13634,378;17393,892;14882,702;20330,074
Nord Ovest;Piemonte;TO;NonCap;15278,842;17060,354;13258,824;18900,62;13143,806;17887,73;14296,296;19940,214
Nord Ovest;Piemonte;VB;cap;341,7;321,3;337,168;341,8;210,94;249,732;347,68;761,824
Nord Ovest;Piemonte;VB;NonCap;2713,554;2747,688;2202,592;2496,662;2461,796;2547,496;2380,402;3228,864
Nord Ovest;Piemonte;VC;cap;466,1;550,7;448,766;598,904;610,1;865,55;556,41;624,1
Nord Ovest;Piemonte;VC;NonCap;1656,454;1436,21;1406,992;1570,732;1605,84;1729,952;1364,35;1940,612
Nord Ovest;Valle d'Aosta;AO;cap;628,228;608,184;274,5;463,808;272,332;401,882;346,46;579,702
Nord Ovest;Valle d'Aosta;AO;NonCap;2445,422;2951,432;1681,27;2778,952;1910,404;2437,502;2168,836;2949,202
Nord Est;Emilia-Romagna;BO;cap;5035,212;5622,162;4787,954;6349,028;4617,382;6466,808;4952,684;7555,446
Nord Est;Emilia-Romagna;BO;NonCap;5747,486;5865,386;5473,128;7074,478;5017,09;6688,264;6264,868;7140,456
Nord Est;Emilia-Romagna;FE;cap;741,02;762,66;1214,946;1143,27;859,44;962,33;953,102;1096,1
Nord Est;Emilia-Romagna;FE;NonCap;960,29;1241,792;964,894;1755,38;1106,31;1346,44;1361,548;1721,5
Nord Est;Emilia-Romagna;FO;cap;733,278;525,448;599,418;836,98;495,05;583,6;716,8;917,12
Nord Est;Emilia-Romagna;FO;NonCap;1609,944;1346,896;1429,352;1862,29;1491,272;1846,92;1797,84;2460,978
Nord Est;Emilia-Romagna;MO;cap;2859,08;2629,92;2254,018;3311,748;2291,104;2782,544;1700,352;2833,682
Nord Est;Emilia-Romagna;MO;NonCap;4802,724;4995,714;4001,038;5678,144;4667,642;5076,87;5233,848;6637,386
Nord Est;Emilia-Romagna;PC;cap;998,744;1643,9;847,506;1260,638;716,09;1265,77;1097,996;1494,468
Nord Est;Emilia-Romagna;PC;NonCap;1494,256;1822,076;1712,384;2273,736;1449,234;1442,684;1423,38;2506,698
Nord Est;Emilia-Romagna;PR;cap;2118,038;2898,392;2179,88;3189,956;1997,86;2165,508;1940,08;4595,988
Nord Est;Emilia-Romagna;PR;NonCap;1956,934;3014,642;2168,476;2899,276;2027,16;2508,752;2087,356;3215,168
Nord Est;Emilia-Romagna;RA;cap;1323,99;969,95;701,14;1138,66;1110,49;1281,67;951,73;1591,182
Nord Est;Emilia-Romagna;RA;NonCap;1619,63;2038,74;952,61;1479,912;1802,56;2230,518;1120,288;1541,524
Nord Est;Emilia-Romagna;RE;cap;1745,948;1801,872;1593;1416,254;1676,522;1528,79;1426,02;2459,594
Nord Est;Emilia-Romagna;RE;NonCap;2023,448;3103,988;2297,06;3538,722;2598,398;2830,588;2349,19;3213,168
Nord Est;Emilia-Romagna;RN;cap;797,26;1153,764;775;1447,17;836,982;1074,05;819,268;1205,12
Nord Est;Emilia-Romagna;RN;NonCap;893,26;1154,326;834,022;1308,59;852,058;1428,2;881,858;1451,1
Nord Est;Friuli- Venezia Giulia;PN;cap;619,7;546,3;575,08;900;463,17;633,036;516,6;1245,05
Nord Est;Friuli- Venezia Giulia;PN;NonCap;1407,24;1613,75;1509,376;1671,636;1493,156;1759,74;1549,906;2437,35
Nord Est;Friuli- Venezia Giulia;UD;cap;1338,75;1103,072;1121,22;1766,42;905,78;1043,2;941,66;1741,978
Nord Est;Friuli- Venezia Giulia;UD;NonCap;2322,714;2329,52;2644,094;3465,776;2096,424;3132,316;2567,742;4370,188
Nord Est;Veneto;BL;cap;369,4;124,48;236,38;361,702;127,3;197,03;537,56;443,38
Nord Est;Veneto;BL;NonCap;1956,758;2000,522;1885,972;2640,772;1671,938;2669,69;2304,114;3189,45
Nord Est;Veneto;PD;cap;1286,22;1392,14;1289,414;1664,85;1445,24;1269,236;1220,782;1673,272
Nord Est;Veneto;PD;NonCap;1659,23;1638,99;1939,88;1863,84;1957,844;1885,416;1412,67;1958,784
Nord Est;Veneto;RO;cap;59,4;204,43;185;221,4;196,84;201,2;246,65;237,286
Nord Est;Veneto;RO;NonCap;754,25;428,89;565,16;1033,15;599,04;653,42;528,55;1101,866
Nord Est;Veneto;TV;cap;494,476;795,564;639,51;1043,21;498,234;795,064;710,6;841,29
Nord Est;Veneto;TV;NonCap;4273,94;4410,322;3321,32;4755,444;3244,618;4484,408;4061,986;5189,878
Nord Est;Veneto;VE;cap;1570,572;1279,54;1346,806;2244,312;1721,002;1896,24;1718,8;2399,598
Nord Est;Veneto;VE;NonCap;2301,492;3442,752;2174,116;2833,572;2498,646;3096,442;2502,368;3161,43
Nord Est;Veneto;VI;cap;717,2;889,16;627,65;789,76;583,968;837,318;826,8;1268,982
Nord Est;Veneto;VI;NonCap;2712,326;3807,832;3719,33;4524,34;3594,05;3707,82;2802,754;4810,272
Nord Est;Veneto;VR;cap;3167,02;2733,76;2847,328;3384,578;2528;3373,13;2662,6;3755,67
Nord Est;Veneto;VR;NonCap;3569,874;5307,26;4006,712;5953,462;3994,864;4539,472;4544,09;6225,91
Centro;Lazio;FR;cap;190,72;162,4;165,4;224,6;132,28;269,81;135,01;191,09
Centro;Lazio;FR;NonCap;2290,816;2399,886;1903,334;2610,47;2396,244;2837,702;1156,996;2177,42
Centro;Lazio;LT;cap;665,664;1130,72;481,608;861,828;702,91;591,16;389,732;660,776
Centro;Lazio;LT;NonCap;2200,794;2994,566;2625,364;3080,068;2718,816;3161,424;2843,43;3841,582
Centro;Lazio;RI;cap;493,8;443,858;254,388;669,4;249,402;416,734;293,4;536,56
Centro;Lazio;RI;NonCap;1134,93;1411,624;1331,484;1887,82;1768,752;1901,044;1704,572;2449,404
Centro;Lazio;RM;cap;17735,24;20161,554;16722,616;22489,902;18085,354;23762,942;17601,486;23933,504
Centro;Lazio;RM;NonCap;8425,274;10461,712;9866,172;12754,31;8831,754;11538,918;9715,458;12565,56
Centro;Lazio;VT;cap;715,94;1186,84;647,094;848,496;735,942;954,06;670,252;785,548
Centro;Lazio;VT;NonCap;3236,742;3439,924;2483,656;3926,376;2985,762;3480,752;2141,984;3955,098
Centro;Marche;AN;cap;894,454;822,438;791,254;1056,758;923,618;947,744;1042,14;1223,038
Centro;Marche;AN;NonCap;3009,756;2898,522;2640,33;3042,036;2375,72;2843,316;2867,662;2750,294
Centro;Marche;AP;cap;479,34;399,75;494,354;602,32;505,756;637,73;516,4;597,17
Centro;Marche;AP;NonCap;2296,312;2654,522;1863,178;3089,264;2006,572;2114,136;2417,204;3345
Centro;Marche;MC;cap;304,59;291,33;368,824;491,792;434,726;351,752;365,8;553,706
Centro;Marche;MC;NonCap;2344,562;2218,952;2322,5;2888,654;1998,544;2761,43;2265,448;3570,058
Centro;Marche;PS;cap;531,94;669,64;712,592;872,124;659,28;720,652;1028,28;626,348
Centro;Marche;PS;NonCap;1478,318;1412,68;1151,816;1774,434;1407,524;1862,284;1198,974;2646,122
Centro;Toscana;AR;cap;1000,932;1250,592;855,26;1202,19;818,778;1153,01;779,368;1215,458
Centro;Toscana;AR;NonCap;1932,264;2329,448;1905,386;2602,974;1951,976;2136,12;1692,92;3080,696
Centro;Toscana;FI;cap;2760,66;2825,252;2445,094;3004,876;2288,93;3068,284;2112,8;3537,444
Centro;Toscana;FI;NonCap;4871,102;5181,504;3806,538;5493,314;4204,584;4986,146;4861,928;5895,268
Centro;Toscana;GR;cap;443,92;455,64;458,44;611,852;335,642;554,394;546,55;660,062
Centro;Toscana;GR;NonCap;2368,67;2599,994;2545,25;3420,748;2181,408;2987,712;2706,642;2798,516
Centro;Toscana;LI;cap;993,5;866,44;879,19;1440,04;878,05;743,078;877,77;1206,662
Centro;Toscana;LI;NonCap;1794,22;2838,66;2269,726;3324,352;2271,242;2890,74;2048,172;2926,428
Centro;Toscana;LU;cap;865,01;819,872;707,48;713,1;510,604;809,1;905,34;680,444
Centro;Toscana;LU;NonCap;1818,894;2184,69;1820,174;2391,592;2253,754;2404,802;2266,618;2752,43
Centro;Toscana;MS;cap;528,85;468,98;376,198;627,81;302,386;507,6;527,28;511,98
Centro;Toscana;MS;NonCap;1593,37;1999,082;2129,652;2489,902;1803,502;1870,396;1637,38;2183,884
Centro;Toscana;PI;cap;755,278;961,454;632,586;877,226;747,76;806,11;751,398;1084,956
Centro;Toscana;PI;NonCap;3783,308;3511,528;3370,046;3841,634;3024,908;3139,478;3116,478;3812,89
Centro;Toscana;PO;cap;662,014;1010,03;837,756;791,234;908,984;938,196;887,466;1162,82
Centro;Toscana;PO;NonCap;420,27;434,05;312,19;391,242;383,48;527,644;242,4;526,4
Centro;Toscana;PT;cap;392,584;719,538;722,7;377,958;509,86;685,76;501;795,384
Centro;Toscana;PT;NonCap;916,52;736,132;987,89;1277,934;982,866;1110,832;933,022;1518,608
Centro;Toscana;SI;cap;439;307,38;226,55;481,5;152,9;431,05;481,2;369,28
Centro;Toscana;SI;NonCap;1877,418;2201,86;1771,232;2402,218;2016,898;2779,978;2022,762;2767,718
Centro;Umbria;PG;cap;1283,49;1457,474;1735,35;1685,768;1461,768;1431,148;1811,828;1803,04
Centro;Umbria;PG;NonCap;4984,796;5791,02;4261,016;6291,8;4458,402;5539,026;4910,85;5559,272
Centro;Umbria;TR;cap;789,508;994,24;683,99;968,816;956,506;788,24;844,9;1430,51
Centro;Umbria;TR;NonCap;1445,388;1626,57;1444,23;2049,352;1454,902;1743,576;1386,64;1708,718
Sud;Abruzzo;AQ;cap;668,33;735,78;604,59;957,2;539,17;654,876;2318,144;1002,648
Sud;Abruzzo;AQ;NonCap;2051,782;2527,07;1998,924;2789,204;2241,404;2491,63;2415,604;3274,046
Sud;Abruzzo;CH;cap;436,08;322,96;407,632;505,4;648,496;227,69;546,8;430,57
Sud;Abruzzo;CH;NonCap;2312,404;2692,05;2353,194;3369,218;2513,832;3173,668;2676,33;3695,424
Sud;Abruzzo;PE;cap;1084,19;744,49;681,63;705,89;578;822,98;646,6;972,618
Sud;Abruzzo;PE;NonCap;1410,07;1271,8;939,67;1551,45;1178,61;1453,914;1274;1252,7
Sud;Abruzzo;TE;cap;525,23;363,4;545,8;446,6;265,5;363,41;354,27;844,41
Sud;Abruzzo;TE;NonCap;1730,49;2079,676;2328,508;2597,404;1801,872;2731,652;2118,96;3721,546
Sud;Basilicata;MT;cap;501,994;670,24;431,44;537,596;413,988;437,924;506,31;508,598
Sud;Basilicata;MT;NonCap;1055,72;987,24;922,808;1373,568;1284,47;1144,484;1247,114;1114,538
Sud;Basilicata;PZ;cap;394,34;471,528;620,194;585,464;519,79;530,54;611,884;838,888
Sud;Basilicata;PZ;NonCap;2761,176;2394,722;3090,352;3798,57;2890,782;3160,33;2922,086;3937,236
Sud;Calabria;CS;cap;337,5;365,42;410,904;596,91;424,95;457,642;471;397,336
Sud;Calabria;CS;NonCap;3858,928;4579,112;4402,872;5587,242;4166,782;4763,01;4652,964;6022,244
Sud;Calabria;CZ;cap;469,968;695,94;593,368;564,804;803,5;422,5;619,576;929,67
Sud;Calabria;CZ;NonCap;2108,44;1764,658;2057,69;2212,388;1779,27;1697,11;2153,438;2517,514
Sud;Calabria;KR;cap;150;155;166,84;329,6;112;139,5;138,2;175
Sud;Calabria;KR;NonCap;425,748;885,936;624,38;947,6;797,13;441,32;417;617,6
Sud;Calabria;RC;cap;409,51;419,37;378,15;577,82;275,1;474,6;504,44;961,4
Sud;Calabria;RC;NonCap;900,1;1029,42;945,58;1194,9;874,898;771,22;1354,636;1430,24
Sud;Calabria;VV;cap;135;108,39;136,6;114;153,8;185;145,42;42
Sud;Calabria;VV;NonCap;445,3;363,8;873,704;641,486;464,906;576,97;633,86;849,038
Sud;Campania;AV;cap;343,248;343,8;207,85;281,248;203,18;255,85;137,148;381,22
Sud;Campania;AV;NonCap;2473,058;2865,336;2540,12;4035,734;2277,974;2524,78;2974,904;2583,902
Sud;Campania;BN;cap;313,12;261,3;167,6;471,86;221,6;401,06;390,27;441,792
Sud;Campania;BN;NonCap;1323,208;758,892;1106,1;1472,848;1195,34;1037,146;1202,68;1699,814
Sud;Campania;CE;cap;324,682;603,23;551,826;496,828;627,75;527,174;396,92;656,57
Sud;Campania;CE;NonCap;3639,512;3062,646;2825,058;3930,696;3107,316;3306,09;3275,568;4126,556
Sud;Campania;NA;cap;2790,482;3387,278;2714,864;3572,106;2634,58;3481,31;2704,696;3822,342
Sud;Campania;NA;NonCap;6917,582;9480,966;6703,642;10188,096;7723,154;9072,27;6946,826;10739,04
Sud;Campania;SA;cap;440,582;881,55;695,476;980,58;601,27;593,72;388,616;825,996
Sud;Campania;SA;NonCap;5594,016;6019,268;5418,23;7105,936;5835,464;6394,694;6695,824;7444,712
Sud;Molise;CB;cap;163,4;350,2;304,62;374,41;364,85;462,74;520,2;250,66
Sud;Molise;CB;NonCap;1151,462;1116,398;1207,208;1606,998;1688,75;1506,97;1669,056;1671,47
Sud;Molise;IS;cap;42,2;165,87;155,44;138,2;61,6;100,82;206,34;113,852
Sud;Molise;IS;NonCap;550,56;714,788;504,52;490,9;445,288;694,018;409,432;1035,16
Sud;Puglia;BA;cap;1790,514;2312,228;1614,03;2541,18;1951,494;2376,652;2067,568;6495,11
Sud;Puglia;BA;NonCap;10519,772;11163,21;9565,958;12181,37;10739,858;12322,83;8962,794;14158,034
Sud;Puglia;BR;cap;273,576;464,63;222,826;408,606;179,918;413,15;279,766;399,064
Sud;Puglia;BR;NonCap;1574,844;1912,672;1372,046;2515,888;2104,176;1881,084;1820,844;2292,984
Sud;Puglia;FG;cap;751,552;592,44;373,504;811,45;579,88;827,07;397,68;883,956
Sud;Puglia;FG;NonCap;3253,418;2882,674;2743,968;4166,852;2766,528;2890,722;2981,696;3370,174
Sud;Puglia;LE;cap;381,616;402,72;263,1;591;437,4;259,35;333,6;290,54
Sud;Puglia;LE;NonCap;2105,698;2348,604;2034,29;2964,128;2745,916;2522,034;2500,948;2709,214
Sud;Puglia;TA;cap;597,07;764,69;461,07;743,166;468,4;593,72;449,776;688,614
Sud;Puglia;TA;NonCap;2004,304;2578,6;1705,674;2861,562;1975,542;2115,654;1826,146;2625,578
Isole;Sardegna;CA;cap;489,212;588,244;546,63;835,85;796,25;820,33;542,396;1198,338
Isole;Sardegna;CA;NonCap;1528,996;1575,2;1265,924;1791,452;1595,518;1611,452;1434,974;1899,404
Isole;Sardegna;NU;cap;82;183,92;194,3;143,2;106,95;146;177,8;148
Isole;Sardegna;NU;NonCap;651,26;623,7;463,4;1085,21;546,2;716,644;770,54;620,998
Isole;Sardegna;OR;cap;45,5;155,9;78,2;93,28;70;86;44,2;48,92
Isole;Sardegna;OR;NonCap;143,78;310,35;164,68;239,004;148,4;360,92;223,68;234
Isole;Sardegna;SS;cap;647,18;604,17;444,868;597,5;565,692;514;666,49;401,2
Isole;Sardegna;SS;NonCap;1942,208;3156,052;1873,514;2654,278;2171,44;2237,528;1783,09;2562,714
Isole;Sicilia;AG;cap;230,14;117,4;324,2;477,32;365,04;345,098;471,56;394,08
Isole;Sicilia;AG;NonCap;2864,444;3272,612;2947,33;3229,082;2635,218;2609,692;2952,08;2994,324
Isole;Sicilia;CL;cap;460,832;471,17;296,25;386,876;394,74;397,132;522,48;528,518
Isole;Sicilia;CL;NonCap;887,23;914,628;934,14;928,068;925,99;915,85;1123,44;1067,066
Isole;Sicilia;CT;cap;502,08;761,11;690,18;942,38;442;870,51;555,66;917,38
Isole;Sicilia;CT;NonCap;4070,046;4455,512;4085,162;4846,528;4448,538;4499,088;3891,558;4177,838
Isole;Sicilia;EN;cap;89,6;158,8;72,994;400,33;223;264,24;331,62;195,04
Isole;Sicilia;EN;NonCap;720,318;1101,948;1126,24;1332,23;1016,96;942,392;1108,8;1175,83
Isole;Sicilia;ME;cap;1319,326;1068,14;954,032;1310,55;910,746;1084,106;1157,974;1124,3
Isole;Sicilia;ME;NonCap;3015,158;3041,63;2593,592;3713,798;3596,616;2957,28;3270,254;3315,9
Isole;Sicilia;PA;cap;2015,99;2446,31;1393,8;1493,538;1701,502;2018,374;1575,34;2051,012
Isole;Sicilia;PA;NonCap;4492,828;3258,598;2703,814;4577,214;3867,888;4687,02;3991,978;4484,138
Isole;Sicilia;RG;cap;547,346;403,66;458,9;550,186;553,616;404,598;553,99;509,792
Isole;Sicilia;RG;NonCap;1172,83;1396,4;1216,352;1685,932;850,102;1454,296;1083,11;1740,096
Isole;Sicilia;SR;cap;330,576;268,92;182,9;326,4;274,936;409,05;382,46;579,98
Isole;Sicilia;SR;NonCap;1358,484;1700,992;1494,202;967,014;1004,11;1203,548;1367,33;1341,566
Isole;Sicilia;TP;cap;250,486;275,708;158,976;286,5;426,68;317,88;304,8;206,47
Isole;Sicilia;TP;NonCap;1740,078;1871,488;1624,432;2297,73;2195,724;2149,53;1983,35;2058,154
