Area;Regione;prov;Cap;2011_1;2011_2;2011_3;2011_4;2012_1;2012_2;2012_3;2012_4;2013_1;2013_2;2013_3;2013_4;2014_1;2014_2;2014_3;2014_4;2015_1;2015_2;2015_3;2015_4;2016_1;2016_2;2016_3;2016_4;2017_1;2017_2;2017_3;2017_4;2018_1;2018_2;2018_3;2018_4;2019_1;2019_2;2019_3;2019_4;2020_1;2020_2;2020_3;2020_4;2021_1;2021_2;2021_3;2021_4;2022_1;2022_2;2022_3;2022_4;2023_1;2023_2;2023_3;2023_4;2024_1;2024_2;2024_3;2024_4
Nord Ovest;Liguria;GE;cap;201,31;280,95;205,28;285;178,24;195,98;175,28;183,56;138,5;163,82;130,42;191,97;175,69;204,88;145,32;203,21;161,49;146,94;175,92;213,91;172,35;213,13;171,51;223,71;185,76;211,31;163,04;223,82;193,58;246,5;172,52;253,76;230,65;226,42;257,8;239,11;199,24;160,29;239,83;428,82;408,43;472,24;392,53;528,95;400,92;481,11;386,44;488,69;381,44;441,36;381,7;415,4;383,42;482,98;428,8;492,16
Nord Ovest;Liguria;GE;NonCap;172,07;187,18;137,48;197,25;111,04;124,39;109,56;144,67;115,2;129,21;108,23;124,51;151,53;114,08;103,32;129,77;110,58;140,02;108,95;149,7;124,9;167,36;144,26;165,14;160,42;173,36;180,83;205,48;178,13;191,88;152,41;199,62;158,42;167,08;157,83;199,25;108,91;143,35;167,5;311,48;275,37;345,78;334,45;427,19;351,57;361,8;300,33;383,33;267,97;310,67;272,36;347,42;302,74;368,75;289,18;350,3
Nord Ovest;Liguria;IM;cap;40;32;27,46;25,62;28,26;23,67;20,05;11,5;15,5;23,49;24,86;15,43;15,19;26;23,5;21,78;14,18;18,45;26;22;23;28,22;26,27;32,29;14;32,2;18;20,1;25,01;21,79;21,63;29,12;16,25;16,05;44,28;24,64;26,55;15,25;32,33;35,68;35,35;37,18;54,17;46,13;54,07;39,17;27,61;45,42;46,26;37,83;41,98;49,69;33,63;36,51;29,93;39,8
Nord Ovest;Liguria;IM;NonCap;167,9;206,19;138,38;188,73;151,31;160,31;151,17;176,81;134,53;134,72;118,43;160,71;131,82;144,93;131,59;157,03;165,33;152,07;143,45;210,31;168,69;177,09;159,7;212,68;182,64;202,33;166,95;199,62;180,67;182,58;159,54;219,34;208,73;196,98;195,31;219,69;150,94;114,71;218,61;295,83;237,22;332,06;338,45;390,5;330,69;400,47;379,47;408,79;351,34;400,37;366,01;364,93;312,84;316,8;330,55;387,69
Nord Ovest;Liguria;SP;cap;45,75;32,29;38,5;49,85;34,47;30,73;28,35;52,9;42,08;38,44;30,5;30,89;31,46;38,65;26,64;26,87;31,32;32,25;28,95;38,13;32,92;42,29;42,46;37,82;51,78;36,38;40,77;61,67;28,92;39,03;44,58;42,31;46,1;52,99;44,29;47,89;43,84;29;34,1;46,32;49,61;71,05;40,24;78,48;80,97;85,73;67,2;75,35;65,52;75,33;62,96;78,81;49,97;91,61;51,45;68,82
Nord Ovest;Liguria;SP;NonCap;54,44;94,15;57,74;89,8;62,8;76,36;62,8;87,05;58,25;57,21;64,66;68,09;57,44;56,16;54,72;79,27;49,02;59,22;48,69;68,2;49,52;59,85;71,06;68,25;97,29;115,11;76,2;107,14;72,6;84,92;72,52;106,18;59,93;68,71;74,61;71,12;39,7;42,54;98,97;111,59;114,09;135,69;142,67;162,27;125,02;145,05;131,35;122,48;106,74;133,99;96,77;138,17;103,21;140,69;103,74;111,45
Nord Ovest;Liguria;SV;cap;25,99;33,14;39,49;48,36;21,5;28,28;11;37,27;19,2;27,57;23,76;15,92;19,05;21,09;18,74;24,08;18,43;20,99;12,03;18,12;22,62;28,19;26,5;23,55;27,13;20,77;23,62;22,1;34,58;41,74;14,21;39,64;22,88;24,99;24,25;31,83;23,77;12,1;33,16;65,89;42,68;69,22;45,08;76,26;59,33;67,48;57,28;50,77;56,28;64,16;42,42;73,46;35,22;55,89;65,71;79,71
Nord Ovest;Liguria;SV;NonCap;196,64;169,34;150,88;229,76;134,24;172,98;127,76;166,55;133,65;155,72;125,48;157,58;149,92;126,92;120,74;172,71;120,73;140,29;143,85;152,91;169,08;232,67;193,66;218,46;157,7;188,05;153,56;212,78;181,34;182,96;175,29;245,85;180,6;240,71;201,32;257,57;139,64;119,01;217,37;335,66;237,7;407,9;352,95;422,53;347,56;503,05;389,97;474,2;358,88;422,3;316,34;399,85;330,9;405,59;323,57;457,71
Nord Ovest;Lombardia;BG;cap;28,63;45,18;38,65;31,11;22,23;20,73;21,45;44,35;23,3;26,59;19,34;25,1;26,25;18,07;25,45;41,74;27,03;26;19,61;36,04;22,39;46,57;54,34;50,86;29,71;37,91;51,02;39,14;30,12;52,32;39,4;46,51;67,12;53,17;28,58;85,92;39,83;30,08;46,78;123,92;93,08;125,43;96,81;115,53;133,87;136,82;108,08;177,89;143,32;134,29;134,67;164,35;129,68;207,85;145,61;224,54
Nord Ovest;Lombardia;BG;NonCap;195,39;220,8;189,98;254,19;148,48;161,39;146,19;152,56;154,95;162,99;124,29;187,12;155,35;139,99;140,2;204,87;139,17;162,76;133,09;177,88;161,55;193,28;146,76;233,85;197,9;207,49;158,82;225,84;200,97;218,02;199,99;318,36;272,65;285,77;286,99;320,03;199,09;236,64;295,93;484,42;422,57;534,3;390,61;675,39;499,11;699,39;488,91;652,96;558,74;594,02;508,06;762,71;544,98;724,41;599,91;982,82
Nord Ovest;Lombardia;BS;cap;30,7;46,28;27,19;42,34;30,92;36,13;31,35;32,77;19,39;29,7;27,09;30,06;21,76;30,52;13,5;50,37;25,32;39,5;23,69;42,5;34,33;35,24;38,17;43,88;35,9;63,56;32,54;64,69;45,25;39,63;26,53;40,53;37,63;47,9;48,2;74,9;37,08;42,35;59,87;100,02;122,12;182,55;134,5;174,87;234,86;232,99;201,23;212,44;171,51;170,18;154,23;206,23;216,17;212,14;205,37;263,88
Nord Ovest;Lombardia;BS;NonCap;188,85;178,52;160,31;294,07;162,35;153,97;138,34;168,33;135,89;177,6;147,59;215,41;110;110,99;122,97;160,77;106,21;151,87;152,61;182,74;155,52;166,79;143,01;240,28;180,2;258,66;177,74;239,92;180,39;215,65;200,36;265,02;218,94;233,93;167,79;268,94;177,85;140,42;262,91;415,02;312,72;486,95;383,37;578,77;438,2;566,03;475,44;617,65;481,66;457,75;438,71;654,23;449,76;527,95;441,91;643,41
Nord Ovest;Lombardia;CO;cap;29,56;53,66;23,15;38,27;23,22;30,17;29,37;25,7;19,61;22,78;17,85;21,81;18,07;14,32;23,63;28,48;19,75;19,52;21,49;29,04;36,02;25,09;33,35;39,36;35,49;51,81;31;39,07;27,03;36,64;35,07;56,99;32,83;52,18;34,62;55,5;41,36;40,71;69,82;65,19;76,7;103,92;81,1;93,03;71,32;120,97;111,42;98,6;75,09;99,53;91,43;127,29;116,64;128,91;98,15;120,28
Nord Ovest;Lombardia;CO;NonCap;129,79;182,85;142;186,57;149,69;118,67;110,71;143,17;98,76;116,89;102,82;125,4;91,38;102,02;106,79;105,68;117,6;113,4;112,62;158,67;112,58;173,54;139,71;217,48;147,39;161,36;183,91;250,24;155,86;215,26;164,75;264,48;196,36;209,93;196,67;290,12;175,28;146,79;284,61;352,6;321,13;392,41;364,15;505,55;411,9;462,52;402,43;495,41;418,51;438,37;425,68;469,26;387,2;445,64;384,38;595,16
Nord Ovest;Lombardia;CR;cap;11,87;7;4;17,6;6,67;14;5;8,61;10,92;11,5;9,5;15,5;5;11;8,6;7,52;5,24;8,5;3,33;9,42;5,1;13,17;32,13;8;12;11,25;4,92;10,5;6,51;10,87;12,49;23,92;26,11;11,12;7;17;7;16;24;78,88;53,25;91,83;59,67;91,1;60,64;96,5;55,25;132,19;50,53;80,75;63,83;79,05;53,64;88,5;61,67;142,25
Nord Ovest;Lombardia;CR;NonCap;35;34,17;25,26;24,08;17,67;26,13;43,03;23,08;25,96;23,91;15;25;25,5;12,42;16,31;31,88;9,38;22;17,05;19,2;22,5;34,54;20,26;33,01;23,83;40,63;22,17;43,32;19,83;27,92;28,91;30,58;22,17;35,84;21,83;48,68;34,35;50,06;70,43;97,24;67,14;93,5;100,47;114,22;90,73;107,77;88,67;101,68;91,34;101,01;65,67;109,75;89,59;119,45;71,08;102,29
Nord Ovest;Lombardia;LC;cap;27,66;28,28;22,38;26,41;11,86;18,72;11,5;15,38;17,07;19,21;17,05;13,87;11,65;11,18;12;14,34;8,57;15,67;15,27;21,64;6,16;17,32;20,13;37,05;15,56;15,38;15,46;21,88;17,4;22,68;22,03;47,92;18,64;28,55;14,39;19,29;15,12;16,65;29,99;54,88;39,62;76,96;40,89;62,09;40,63;85,45;41,2;46,46;45,37;45,16;45,34;81,76;41,87;49,74;36,03;62,42
Nord Ovest;Lombardia;LC;NonCap;69,02;101,78;46,08;104,83;62,89;100,74;56,8;91,28;75,48;70,33;50,97;72,83;45,64;66,81;65,06;70,46;52,68;54,67;43,58;78,62;64,95;84,57;86,77;147,51;79,59;139,46;89,13;122,33;84,92;84,98;109,09;133,76;108,7;114,09;81,3;155,64;103,74;88,13;123,37;223,87;195,29;223,07;201,82;231,42;201,34;235,74;214,72;294,87;236,26;223,22;205,45;296,08;200,37;239,3;175,23;245,18
Nord Ovest;Lombardia;LO;cap;12,05;6,52;13;11,83;8,9;4,17;3,18;10,09;4,98;3,19;4,98;14,16;8,53;2,08;11,08;7,78;8,5;14,04;4,06;10,44;12,56;6,06;15,04;31,13;24,28;28,88;9,06;53;17,5;28,58;24,07;24,03;14,05;36,86;34,5;20,86;29,73;24,5;29,36;60,1;30,01;59,23;29,03;51,88;51,73;50,03;42;37,06;42,31;59,5;53,06;49,83;53,78;65;43,71;55,5
Nord Ovest;Lombardia;LO;NonCap;31,92;31;12,9;22,82;23,05;16,42;14,67;15,02;19,17;16;16,46;18;8,85;18;16,5;16,58;15,75;14;14,17;21,32;19,7;35,5;22,63;34,77;49,33;33,81;26,44;28,08;26,19;24,89;21,3;36,23;46,31;28,42;23,21;41,75;22,08;31,09;46,6;78,77;60,67;85,7;73,28;92,56;100,55;114,88;87,94;101,17;71,15;74,87;62,59;132,24;75,08;89,17;90,92;116,3
Nord Ovest;Lombardia;MI;cap;468,21;675,6;443,28;660,18;388,07;471,06;307,35;514,32;409,66;522,09;391,82;487,17;404,22;523,68;552,74;618,76;496,51;491,98;424,94;726,6;473,36;846,97;598,91;926,67;796,57;997,67;887,81;1383,01;800,76;1016,19;841,78;1185,63;1030,7;1143,88;1023,79;1566,73;979,16;999,6;1421,18;2180,82;1898,85;3042,17;2419,96;2908,06;2787,15;3148,44;2193,05;2932,45;2377,1;2648;2390,79;3365,63;2233,18;2500,04;2017,31;3792,82
Nord Ovest;Lombardia;MI;NonCap;555,91;762,39;536,62;749,79;491,76;573,83;421,15;578,02;439,23;464,86;407,08;564,79;436,43;539,45;432,94;540,53;465,49;558,99;460,45;636,18;481,4;691,21;689,15;1186,84;785,65;1057,8;883,52;1455,63;906,89;1157,82;991,76;1447,34;1169,32;1333,89;1214,36;1597,62;1066,4;1077,92;1472,73;2551,69;2302,94;3129,29;2717,39;3142,33;3345,35;3412,88;2763,91;3585,45;2617,9;3037,01;2613,02;3762,56;2440,13;3136,34;2829,9;4193,93
Nord Ovest;Lombardia;MN;cap;8,73;10,07;12;18;12;5;3,16;4;6,32;7,77;9,16;5,3;7;1,22;4;6,66;8,67;5,14;5;7,06;5,33;10;11;9;15;8,11;11;6;4,5;7;6,14;11,17;25,21;16,73;19;13,24;62,22;7;25,22;111,53;77,5;57,67;48,33;76,15;43,98;31,5;50,53;74,57;56;54,47;32,5;40;54,45;48,4;34,7;73,78
Nord Ovest;Lombardia;MN;NonCap;31,81;31,43;12,6;27,18;27,75;16,29;10,91;23,17;24;19,7;12,08;14,62;17,77;18,15;10,5;16,39;20,84;14,17;18,5;16,58;15,33;23,91;12,43;27,26;33,7;19,66;36,25;18,5;43,27;32,92;25,58;22,5;29,21;32,01;65,69;60,2;29,09;25,07;40,63;67,55;68,56;65,41;75,83;107,23;66,08;93,57;70,41;90,21;71,07;79,26;86,11;94,87;81,81;75,32;81,46;100,71
Nord Ovest;Lombardia;PV;cap;19,58;6,33;23,89;23,32;8,48;14,71;15,55;10,08;15,57;20,06;12;26,26;9,5;8,52;7,56;15,4;11,26;8,67;19,02;8,04;15;9,17;10,03;10,3;9;21,4;15,89;13,41;14,5;22,57;25;58,08;37,14;35,06;24,5;31,61;28,79;42,4;41,14;66,25;53,77;61,29;68,39;79,47;70,87;120,84;69,94;70,75;83,68;93,14;55,42;92,75;51,96;109,85;100,82;118,64
Nord Ovest;Lombardia;PV;NonCap;78,69;79,32;73,85;109,78;45,64;70,19;39,25;58,75;44,41;54,58;48,74;59,38;44,53;58,01;55,32;81,36;33,7;47,94;51,19;46,49;67,73;67;50,13;80,71;60,19;91,24;79,17;96,54;86,19;110,01;70,6;126,18;83,91;104,45;92,64;149,22;98,2;93,83;155,99;239,84;216,19;245,33;218,69;287,16;251,16;272,16;249,89;286,68;244,8;226,84;212,51;348,28;284,67;277,58;252,17;413,57
Nord Ovest;Lombardia;SO;cap;16;22,36;26,77;16,5;9;22;13,82;13,33;27,43;13,14;13,4;15,06;21,75;17,68;13,56;15,58;13;15,52;26,5;13;11,5;22,95;17,33;23,66;20,03;34,39;27,62;24,33;15,03;15,83;19,33;21,5;18,8;18,73;19,76;16,44;16,5;13,83;26,59;49,31;40,1;37,23;33,15;32,69;18,17;16,87;57,33;53,53;43;31,03;39,57;45,74;32,03;15,69;34,47;55,36
Nord Ovest;Lombardia;SO;NonCap;134,64;200,29;178,1;223,12;162,54;144,14;120,28;159,7;124,76;133,31;94,79;185,72;111,71;123,55;104,82;157,01;119,75;148;116,34;129,43;124,8;170,65;155,52;162,26;120,61;154,39;138,91;186,92;163,1;163,2;154,02;170,35;121,08;146,67;147,33;238,77;149,01;130,82;214,6;271,79;222,65;256,9;258,91;358,25;252,39;287,15;248,09;372,28;227,83;274,33;275,7;341,09;222,95;275,27;270,03;394,37
Nord Ovest;Lombardia;VA;cap;19,03;15,59;20,11;28,53;43,14;11,05;9,51;14,91;8,64;8;14,55;13,57;12,06;20,7;16,55;42,27;11,52;23,33;18,97;13,59;12,04;21,33;15,03;20,86;14,13;17,14;9,77;23,97;20,59;27,33;15,65;32,13;18,89;21,23;24,09;21,16;18,89;7,58;27,03;56,55;45,54;68,98;48,53;103,64;65,5;87,53;72,29;91,58;88,29;81,62;75,49;100,03;79,41;104,99;66,62;88,21
Nord Ovest;Lombardia;VA;NonCap;190,01;180,55;208,57;231,43;171,34;174,85;150,33;167,8;138,54;143,84;122,75;148,2;112,96;165,95;136,84;155,25;119,08;153,95;149,44;178,57;118,18;192,06;201,57;245,39;195,56;203,3;188,89;343,73;231,18;240,36;242,76;323,5;220,98;260,2;248,41;275,45;221,36;183,64;294,97;456,34;391,16;575,21;493,31;676,1;570,84;739,45;639,8;644,57;639,48;668,29;635,3;739,11;527,6;730,34;694,26;786,64
Nord Ovest;Piemonte;AL;cap;13,05;16,5;14,5;23,52;9;8,03;7;15;15;14,8;7;11,73;8,5;11;8;12,5;12,6;12,83;5,51;10;7,1;18,44;22;23;15,5;14,11;13;16;13,18;13,85;28,5;28;18;29,31;12,22;18,12;18;19;29,51;61,63;65,67;70,25;59,42;79,5;78,5;116,04;55;83,14;78,8;98,34;68;119,94;68;70;82,62;103,64
Nord Ovest;Piemonte;AL;NonCap;77,66;92,17;74,06;86,69;73,64;60,38;59,22;85,67;72,66;66,82;45,07;71,75;55,83;80,88;38,19;66,06;46,68;53,98;45,1;59,61;73,72;66,61;71,08;97,76;66,16;81,49;71,77;129,88;75,46;83,13;77,81;108,17;96;82,25;96;101,09;128,23;71,65;112,41;201,59;189,44;224,98;218,6;259,11;195,98;258,5;191,81;284,45;209,1;267,62;238,22;238,55;219,56;295,3;246,7;282,52
Nord Ovest;Piemonte;AT;cap;10;19,27;7,41;11,07;13,15;7;4,5;11,28;2,16;9,01;4,06;11,38;4,08;5,63;5,24;7,5;4,85;8;5,33;2;10,17;9;6;6,65;12,13;13,25;14,67;23,26;7,5;17;13;11;15;24,25;17,5;20;7;5;51,67;51,14;43;56,5;60,35;77,5;118;71,85;62;95,74;69,06;75,75;52,96;89,5;83,5;76,67;64,42;94,94
Nord Ovest;Piemonte;AT;NonCap;26,78;18,07;27,5;19,23;17,75;20,05;5,66;20,89;9,5;19,05;13,66;13,17;9,01;7,5;16,04;18;12,19;17,5;19,28;25,67;17,68;19,73;6,5;28,43;10,03;14,17;21,83;33,61;18,84;44,5;27,62;30,07;25,17;23,08;25,57;28,75;24,25;21;26,63;57,09;24,66;111,29;91;77,98;83,25;87,36;76,56;77,35;49,46;64,15;63,83;63,33;79,55;88,94;83;89,78
Nord Ovest;Piemonte;BI;cap;24;9;6,38;11;12,14;14,14;5,24;17,5;6;5,5;19,71;9;5,01;12,5;7,72;12,63;8;9,5;10;9;11;11;8;7,5;11,5;11,05;14,48;13,88;13,25;11;10,7;16,52;16,21;13,71;8,95;13,61;27;7,11;34,79;71,5;40,55;55,05;52,79;74;83,5;95,49;60,74;88,58;69,34;119,12;74,02;95,28;79,31;92;69,19;84,63
Nord Ovest;Piemonte;BI;NonCap;50;44,09;40,82;42,16;32,52;35,78;31,47;31,25;33,17;51,76;23,4;31,62;21,51;58,13;32,75;38;33,05;47,89;25,32;52,62;29,52;42;48,09;80,25;45,33;51,21;40,5;67,99;47,92;65,7;45,5;57,57;38,36;67,65;40,01;77,74;53,92;30,17;71,69;93,79;102,39;149,11;94,46;147,96;101,93;132,52;109,67;160,46;121,2;138,51;103,37;197,29;162,18;122,59;155,69;204,36
Nord Ovest;Piemonte;CN;cap;6,33;23,64;12,15;35,11;21,5;23,44;8,8;59,48;18,37;19,07;9,54;14,01;9,13;25,08;8;26,45;9,88;11,63;12,04;13,58;9,71;19,77;24,86;30,6;10,53;12,66;32,81;38,82;17,27;19,97;24;26,72;32,35;34,32;34,86;33,7;20;18,33;33,1;95,31;71,61;86,59;103,49;126,46;86,86;138,81;105,32;109,34;91,81;91,24;65,11;123,38;81,63;106,28;134,08;136,61
Nord Ovest;Piemonte;CN;NonCap;142,95;176,31;204,49;213,14;150,79;153,96;123,03;177,65;127,52;155,06;112,32;176,63;116,51;116,3;102,46;152,67;121,89;161,04;143,11;230,23;136,65;175,3;159,41;265,85;142,27;200,62;166,11;269,53;211,71;188,1;210,99;268,04;170,31;256,57;188,63;328,67;185,39;202,67;314,95;551,82;479,43;614,59;568,49;672,71;535,89;658,9;522,73;633,59;523,89;621,65;451,58;676,51;401,95;543,68;537,21;736,55
Nord Ovest;Piemonte;NO;cap;35,72;34,5;28,36;26,5;23;10,25;11,25;15,17;21,73;22,85;14,1;27,04;13,91;18;12,52;19,83;19,47;22,08;15;25,4;35,25;30,02;36,17;46;35,5;26,4;31,13;38,08;20,75;27,09;29,13;38,38;35,21;25,25;34,66;53,16;19,3;30,73;55,5;89,42;94,03;107,2;87,56;95;105,29;112,3;81,25;154,15;112,42;122,32;92,08;128,67;71,36;149,22;101,57;136,64
Nord Ovest;Piemonte;NO;NonCap;33,42;39,66;44,21;51,21;37,29;41,09;29,02;45,93;38,06;36,02;41,45;39,72;31,67;35;28,81;43,12;37,59;37,77;31,64;46,58;38,2;57,73;57,89;51,75;50,24;58,11;42,14;68,36;51,38;68,68;44,83;72,25;54,58;73,02;53,96;70,72;49,58;46,59;81;141,52;107,75;138,38;147,21;162,12;128,6;190,88;155,1;194,87;130,24;170,94;120,06;179,21;140,64;169,14;157,41;166,83
Nord Ovest;Piemonte;TO;cap;86,52;120,57;95,18;186,7;100,5;112,86;78,21;157,94;81,25;127,34;107,5;145,16;99,17;116,28;86,39;113,92;108,32;124,65;115,42;147,07;122,47;166,94;107,68;205,16;153,97;184,51;144,86;232,74;178,77;281,79;152,38;338,25;200,78;224,09;149,74;301,54;150,68;201,3;482,32;1400,68;1273,9;1629,38;1218,06;1630,86;1396,61;1736,84;1355,63;1728,77;1433,29;1631,08;1233,76;1942,31;1390,09;1759,73;1557,49;2089,22
Nord Ovest;Piemonte;TO;NonCap;181,68;254,8;216,54;331,65;248,28;236,76;139,51;217,78;161,8;210,11;169,6;257,77;192,23;216,63;163,41;214,11;147,98;193,55;188,58;271,23;210,91;266,22;253,35;422,78;262,33;346,83;401,2;630,36;309,91;419,88;444,82;635,53;363,28;448,85;396,37;468,16;335,92;321,92;680,76;1162,37;1000;1389,05;1183,88;1610,74;1189,75;1461,39;1336,71;1525,67;1176,89;1304,99;1020,68;1458,81;1023,72;1423,46;1151,01;1651,71
Nord Ovest;Piemonte;VB;cap;5,5;22;6,88;8,25;11;14,09;3;10;14,34;4,07;6,47;9,88;4,34;7;10,67;8,31;4,5;10,5;11,5;3,5;12;8,67;14;16;9,16;9;6,03;12,86;9,99;12,63;10,5;15,9;10,3;19,49;12;7,25;9;16,08;18,13;16,5;38,5;38,5;40,5;35,37;34,29;41,69;33,5;34,1;31,5;23;31,64;25;21,37;21,86;26,68;67,01
Nord Ovest;Piemonte;VB;NonCap;72,62;61,42;69,11;89,52;56,99;54,15;51,11;46,06;37,25;63,31;52,98;72,04;56,89;51,42;59,89;57,77;34,92;61,8;44,79;109,86;54,85;70,25;58,05;51,87;56;92,25;57,57;95,27;66,74;61,66;65,02;98,28;68,91;77,92;77,07;87,21;52,19;46,55;82,49;122,7;153,59;130,78;160,23;178,63;132,15;179,62;157,65;198,88;171,53;167,31;137,53;172,64;142,37;148,16;139,37;221,23
Nord Ovest;Piemonte;VC;cap;6,39;8;8;7,5;6;4,25;2;1;4,68;6;3,5;3,25;3,1;7,05;8,06;7,67;3;16;4;8;7;5,02;8;12,56;10;17,87;6,25;4,66;10,63;10;11,42;13,28;9;14;11,13;13,89;8,5;10,33;12;39,38;32;44,16;35,5;39,25;44,5;46,14;45,38;68,14;51,5;48,3;43,6;53,06;53;68,25;45,83;52
Nord Ovest;Piemonte;VC;NonCap;31,5;41,37;19,33;46,87;19,5;30,46;18,1;28,5;27,5;22,58;24,35;23,33;24,34;32,77;37,33;33,71;13,79;29,04;31;39,6;37,66;40,85;20,53;50;28,42;26,58;33,27;42,5;41,51;51;40,67;52,59;29,09;51,96;32,8;49,5;22,5;33,8;51,97;93,82;88,77;90,23;78,5;91,76;75,79;103,67;87,64;104,83;95,95;86,26;76,86;95,8;92,92;102,48;78,5;124,07
Nord Ovest;Valle d'Aosta;AO;cap;8,12;9,03;7,87;11,93;13,52;10,07;13,91;17,22;9,74;7,9;8,1;8,24;13;9,35;7,5;12,18;9,07;17,21;19,18;9,67;12,89;12,32;9,83;25,25;24;33,34;15,23;19,58;24,08;15,8;9,08;24,5;13,6;24,27;13,54;26,24;12,25;10,84;19,09;35,59;28,06;33,39;32,76;43,25;27,67;49,54;30,46;55,49;42,04;56,07;27,02;40,62;29,73;37,38;28,04;52,2
Nord Ovest;Valle d'Aosta;AO;NonCap;63,85;76;53,07;87,19;48,14;61,7;56,37;82,82;55,08;48,31;47,7;73,36;34,73;66,2;48,27;81,57;37,39;48,97;53,6;94,73;67,03;101,78;85,9;96,09;66,41;101,2;83,43;132,54;78,31;105,14;108,7;110,36;147,33;97,97;96,18;168,18;96,76;88,11;140,68;168,22;164,13;198,27;190,69;238,52;199,35;232,05;189,51;202,24;164,37;195,02;132,16;214,3;134,57;168,03;156,55;251,7
Nord Est;Emilia-Romagna;BO;cap;86,48;138,74;75,25;98,45;89,43;95,63;65,09;109,73;63,23;102,5;64,74;93,5;92,66;77,66;99,94;103;94,5;101,92;79,63;115,19;78,18;117,31;107;187,3;144,45;150,32;116,95;164,49;135,44;177,36;212,97;196,51;149,1;201,36;176,58;229,96;158,94;169,55;288,38;609,12;537,98;615,84;482,66;607,8;601,02;795,96;504,12;695,03;460,11;558,16;485,1;628,57;448,67;593,86;484,83;713,79
Nord Est;Emilia-Romagna;BO;NonCap;85,57;116,5;75,35;126,48;67,19;83,23;59,84;115,73;75,39;85,24;61,59;88,52;79,09;92,79;66,32;97,97;86,56;95,61;85,31;117,8;104,76;128,56;102,66;194,85;108,98;141,48;150,68;176,15;136,53;172,83;175,32;257,65;144,87;187,84;190,02;233,82;112,48;156,29;277,47;542,88;374,18;571,25;495,72;629,37;483,16;658,87;505,13;543,65;427,13;456,61;502,24;620,93;389,14;557,42;485,39;618,71
Nord Est;Emilia-Romagna;FE;cap;9;22,25;18,25;29,21;17,58;15,07;20,6;9,67;12;22,5;14,53;20,18;22,94;12;15,73;17,84;18,02;29,52;14,25;17,36;16,31;17,08;11,58;12,5;25,01;12,9;23,24;35,03;16,98;25,22;8;24,95;21,37;28,08;23,25;43;59,88;29,5;52,36;48;69;76,89;97,82;100,99;48,76;79,53;59,87;92,73;58,91;64,19;79,19;99,3;82,33;83,6;83,24;96,44
Nord Est;Emilia-Romagna;FE;NonCap;20,61;21,68;25,52;33,28;21,5;19,5;10,75;29,11;10,67;23,2;18,5;18,17;15,93;12,51;10,55;18,52;10;19,39;18;10,75;20,96;19;16,03;25,88;26,39;25,07;21,36;23,9;24,4;21,59;23,09;36,19;35,97;25,5;22,76;45,74;24,04;21,66;61,27;54,23;60,31;81,67;63,15;131,39;85,94;101,04;66,53;86,74;66,32;94,65;67,53;111,04;78,72;86,99;87,43;120,2
Nord Est;Emilia-Romagna;FO;cap;18,75;12,89;14,5;18,81;11,62;11,04;8,78;10,21;8,75;9,37;8;11,38;11,72;15,3;2,92;11,19;6,41;20,01;15,52;16,53;15,58;8,51;13;21,99;11,5;26,51;14,5;26;19,41;15,26;11,75;33,34;23,96;33,66;21,22;23,69;19,51;19,7;19,72;58,3;41,73;54,81;60,38;54,52;43,39;64,2;56,97;65,34;50,21;37,01;48,65;61,79;38,59;44,46;47,5;74,38
Nord Est;Emilia-Romagna;FO;NonCap;38,93;38,71;38,11;47,11;25,33;23,58;26,82;30,64;24,35;29,28;23,52;38,7;30,17;31,39;26,92;35,68;24,92;30,68;37,54;35,96;24,02;50,25;48,5;45,3;34,1;43,99;32,19;50,67;40,62;55,13;41,7;70,28;69,79;69,74;55,17;70,22;40,99;50,89;60,74;105,04;111,73;118,34;128,55;138,39;121,73;110,82;130,41;126,25;103,37;90,48;92,11;124,01;95,02;120,96;113,6;156,43
Nord Est;Emilia-Romagna;MO;cap;58,84;75,45;46,55;77,11;50,27;42,91;23,67;54,47;31,64;34,04;65,5;39,95;55,28;43,06;36,51;50,38;37,35;57,38;45,28;74,22;49,06;93,02;55,86;91,57;70,37;107,74;94,5;150,3;108,54;141,27;91,43;135,62;92,06;142,61;122,54;137,69;100,03;105,85;123,19;187,39;186,21;285,17;215,1;347,24;206,2;236,27;187,78;214,5;210,26;213,76;179,46;269,11;185,68;210,13;136,85;253,72
Nord Est;Emilia-Romagna;MO;NonCap;121,58;114,78;98,15;130,03;61,17;68,22;76,9;77,64;66,58;64,83;51,07;71,48;73,78;80,78;69,53;102,98;62,59;86,69;74,89;89,33;80,74;103,76;91,22;124,04;93,7;150,02;142,43;178,9;144,98;217,98;165,08;200,18;147,24;204,18;159,28;236,77;118,13;128,4;176,77;335,72;254,77;440,51;296,58;370,28;317,41;394,1;347,12;417,82;303,29;340,11;271,21;376,85;322,22;372,85;354,48;459
Nord Est;Emilia-Romagna;PC;cap;10;18,2;10,16;24,44;13;9,5;9;12,17;14,25;12,46;11;19,84;4;8,67;17,57;13,05;13;15,77;9,83;9,86;6;22,72;12;31,33;9,83;25,28;25;38,42;29;37,81;31;53,59;21,66;29,5;39,5;40;18;67,02;24,5;82,12;77,5;79,33;100,68;113,99;84,3;95,37;103,56;123,42;84,69;129,8;74,71;104,59;67,21;118,58;101,34;125,23
Nord Est;Emilia-Romagna;PC;NonCap;28,22;45,97;18,17;31,96;31,2;22,55;18,11;25,42;16,43;21,98;17,48;27,04;28,69;15,58;24,92;27,27;21,52;11,33;16,26;19,1;14,16;25,1;24,86;23,46;30,75;37,71;29,84;44,75;52,56;31,25;17,49;78,31;38,86;36,88;26,3;43,32;20,17;31,52;31,33;69,98;84,48;110,36;80,39;104,68;92,57;104;107,1;105;98,59;118,96;105,94;143,01;90,47;94,7;90,47;159,72
Nord Est;Emilia-Romagna;PR;cap;61,03;61;34,11;51,49;23,17;31,46;36,4;36;25,91;27,99;26,94;24,18;25,14;27,38;33,96;28,08;24;32,37;24,5;25,9;37,23;45,34;39,88;73,68;36,68;56,83;48,64;80,66;43,17;75,08;60,98;150,7;60,42;62,88;103,56;118,09;54,72;54,68;170,86;270,21;196,9;247,56;253,64;269,47;249,7;403,43;221,8;283,63;197,52;272,56;246,52;371,27;199,09;212,58;183,95;509,73
Nord Est;Emilia-Romagna;PR;NonCap;32,92;46,16;61,76;62,87;35,56;47,69;32,25;47,77;29,62;41,29;31,42;49;18,43;34,97;32,92;49,35;28,94;34,75;29,34;53,32;31,08;43,33;47,32;56,81;47,82;52,27;41,08;61,75;34,59;57,39;44,86;98,21;61,39;61,92;53,99;86,91;56,77;44,83;125,12;187,19;169,23;201,28;165,21;249,45;169,87;212,89;181,22;228,21;154,03;217,26;177,51;248,79;138,86;180,59;153,15;226,98
Nord Est;Emilia-Romagna;RA;cap;58;41,39;36,76;36,29;40,8;24,05;29;33,47;25,2;24,11;22,5;42,35;12,63;26;20;21,25;12,95;22,75;27;15,27;24,09;36,08;37,16;46,74;33;42,6;41,23;49,12;44,25;42,63;46,75;52,25;47,97;60,43;37,33;57,17;31,17;61,17;61,88;87,44;74,3;98,43;128,01;132,56;76,85;122,91;105,57;118,51;112,79;86,84;70,56;102,65;94,26;105,24;79,31;149,27
Nord Est;Emilia-Romagna;RA;NonCap;27,24;20,76;28,53;24,2;17,99;27,2;19,37;23,5;17,95;26,33;13,83;12,98;19,47;11,75;20,67;21,08;16;15,39;15,16;22,2;22,61;29,54;31,84;45,85;26,12;31,48;26,66;37,99;42,5;49,28;35;58,75;46,76;51,92;43,96;45,53;37,53;40;42,87;85,88;59,17;95,87;97,02;115,97;111,95;119,84;92,17;128,64;100,84;143,66;72,67;121,97;120,63;139,33;83,67;122,8
Nord Est;Emilia-Romagna;RE;cap;35,9;24,09;46;40,41;24,6;23,1;19,56;26,68;28,75;12;16,02;20,75;17,5;24,89;14,54;19,34;16,77;25,73;21,66;29,33;28,91;23,33;28;33;23,62;29,75;18,14;36,06;27,5;30,66;35,41;50,32;45,2;40,52;39,01;48,59;29,33;28;82,53;126,5;116,25;174,44;165,61;161,15;214,13;209,77;167,14;196,77;146,93;150,7;136,4;139,54;148,55;157,93;134,86;233,23
Nord Est;Emilia-Romagna;RE;NonCap;20,82;60,83;44,52;50,07;33,05;39,85;22,83;51,42;29,1;45,36;34,93;30,92;34,32;36,2;21,06;36,79;30,07;28,28;27,38;27,34;34,83;44,53;46,83;55,16;48,66;48,71;41,05;67,64;58,2;57,99;52,55;79,15;52,24;60,85;44,5;86,38;54;61,59;96,35;242,77;180,66;221,2;202,73;257,78;194,69;240,71;220,85;225,38;157,38;224,16;174,01;235,79;167,1;215,78;178,25;231,26
Nord Est;Emilia-Romagna;RN;cap;42,5;42,99;38,79;48,08;27,95;28,77;17,49;20,55;19;15,24;14,46;37,39;29,5;39,74;27,69;40,54;19,1;23,87;17,9;28,02;21,29;26;32,56;36,44;25,5;38,47;33,3;39,02;34,05;33,81;22,43;39,55;38,24;48,24;53,41;44,44;26,53;34,5;33,62;50;34,61;51,92;56,6;88,14;79,39;79,18;71,83;82,38;60,08;73,42;63,06;111,63;56,15;73,06;72,9;106,91
Nord Est;Emilia-Romagna;RN;NonCap;24,47;23,73;30,07;37,03;32,68;34,53;21,5;36,01;19,33;42,37;21,66;28,32;15;13,01;27,96;28,27;29,24;30,93;21,84;25,5;27,43;38,4;48,17;40,18;29,7;39,65;26,34;51,98;24,81;32,64;32,01;43,42;43,42;44,87;36,59;52,56;22,74;32,58;48,82;75,75;57,99;76,79;80,56;87,81;59,84;94,76;62,83;94,64;68,49;73,44;59,54;87,57;56,65;103,09;73,51;103
Nord Est;Friuli- Venezia Giulia;PN;cap;40,83;38,11;29,36;49,58;22,6;25,5;20,75;45,18;19,83;24,31;20,29;28,14;32,23;21,33;20,7;27;29,88;35,11;28;35,03;39,02;56,44;26,56;43,19;30,5;36;23,5;65,47;41,45;41,22;31,54;51,68;55,66;52,11;53,22;65,71;43,06;38,22;50,43;78,06;77,02;76,26;114,4;88,11;84,24;81,34;75,9;95,76;54,22;58,07;58,23;92,15;43,5;72,31;62,89;131,78
Nord Est;Friuli- Venezia Giulia;PN;NonCap;62,71;52,5;37,73;81,05;39,82;60,58;41,01;59,32;34,17;41,2;36,88;42,82;36,81;50,37;32,17;38,94;44,11;51,43;51,97;45,71;57,02;42,14;72,61;60,99;53,66;80,67;78,83;94,4;54,33;81,45;83,81;118,34;89,13;83,53;78,6;101,96;50,75;78,62;105,43;162,21;112,4;150,23;101,13;151,41;117,79;145,14;148,34;172,71;104,11;128,74;110,88;145,11;107,73;118,94;111,57;205,34
Nord Est;Friuli- Venezia Giulia;UD;cap;17,94;26,03;16;29,8;16,79;7,5;7;25,79;8;12,5;15,3;18,74;27,25;16;13,35;14;14,1;14,75;14;12,08;9;20,5;17;32,5;25,93;29,75;23,06;43,5;29,2;29,1;29,75;41,5;84,08;40,5;58,33;76;67,38;35,52;72,5;114,25;116,15;95,48;173,81;129;100,64;114,87;110,03;145,82;113,67;106,71;102,83;158,07;90,62;105,2;93,08;162,87
Nord Est;Friuli- Venezia Giulia;UD;NonCap;54,98;84,69;61,88;75,49;44,92;55,51;59,12;56,49;33,78;57,66;42,18;58,21;39,48;42,83;42,17;79,64;47,52;58,61;44,34;62,32;59,51;71,91;67,07;98,93;68,16;69,79;70,82;132,16;78,41;130,72;101,05;126,76;90,08;139,06;106,22;146,39;100,91;97,39;142,11;244,88;159,17;238,85;200,15;259,14;172,28;244,01;214,91;242,13;180,96;167,05;197,67;249,89;158,92;217,92;192,92;335,19
Nord Est;Veneto;BL;cap;11,49;8,02;5,83;11,34;10;6,08;2;11,1;2,5;4,51;1,87;7,17;7,5;6,35;8,5;6;8,95;4;6,38;10;12;8,68;9;11,04;2;8;6,5;10,33;7,57;6,66;14,25;12,12;6,44;10,44;12,67;16;6,42;9,5;17,5;25,66;12,01;17,22;35;26,84;21,42;40,48;21,54;30,37;21;15,42;14,52;24,34;11,5;18,27;36,17;35,56
Nord Est;Veneto;BL;NonCap;74,32;96,65;79,52;105,35;56,37;63,4;48,6;78,77;46,06;55,08;53,58;69,89;67,46;59,38;48,22;58,75;55,29;67,44;81,47;75,33;48,37;74,41;64,92;101,71;56,48;75,53;58,34;93,94;89,26;97,11;92,46;107,84;69,2;84,83;98,41;121,98;68,18;81,8;111,76;129,89;109,28;156,07;166,69;167,08;161,37;168,4;158,12;169,13;123,25;135,49;128,17;178,75;114,28;170,42;147,13;213,32
Nord Est;Veneto;PD;cap;39,93;51,67;28,55;32,38;33,5;57,49;17,46;29,04;19,83;27,11;28,54;28,08;27,96;33,51;24,47;35,44;20,89;26,74;24,84;63,76;30,59;48,28;41,95;51,2;33,86;34,89;44,78;35,92;49,71;53,55;46,98;64,12;64,54;76,87;57,25;61,61;30,95;64,19;39,12;75,74;79,89;112,35;117,74;162,01;125,75;167,27;116,4;122,76;119,32;122,67;124,7;149,42;120,75;126,94;106,49;175,7
Nord Est;Veneto;PD;NonCap;68,66;62,25;55,11;77,35;39,88;42,27;39,42;48,84;37,21;38,8;42,71;64,69;47,96;47,62;44,46;41,29;49;47,27;39,9;45,76;47,72;58,45;70,96;70,29;63,62;55,91;57,67;95,42;54,93;64,73;86,17;88,57;83,36;89,05;73,86;124,73;73,88;85,12;81;98,24;94,04;145,81;107,11;142,54;125,95;158,56;135,07;133,5;105,64;115,69;118,6;131,29;120,91;120,72;95,48;126,93
Nord Est;Veneto;RO;cap;6,83;1;4,2;5,82;2,1;3,15;6,13;2;2;3,53;2;0;1,03;3,41;2;5;2,06;1;3;1,26;5,61;8,16;1,3;6,5;6,56;6,08;1,83;9,87;4,25;8;3,12;7,67;1;8;3,05;14,45;3;7;11,33;9,5;4;10,15;5,67;9,91;10,16;10,2;11,34;5,12;6;15,6;12;13,8;16,01;13;15,25;13,5
Nord Est;Veneto;RO;NonCap;16,1;18,69;8,17;18,35;6,25;15,5;9,5;9,36;12;10,77;4,4;16,28;5,58;10,95;4,5;6,67;11,58;10,8;14,08;12,38;11,93;16,99;19,18;14,54;15,37;19,91;23;14,87;19,22;17,88;10;28,16;15,02;17,07;23,87;14,57;15;14,39;27,39;42,54;31,88;43,86;34,76;49,85;47,45;40,77;33,36;48,61;52,46;24,25;33,86;57,49;36,55;40,34;35,76;63,89
Nord Est;Veneto;TV;cap;32,12;50,09;19,01;19,65;14,06;23,5;18,47;27,81;13,71;18,68;20,21;25,1;15,94;20,22;23;26,61;15,01;24,56;13,17;33,82;35,5;19,7;23,6;29,63;38,53;30,09;40,92;32,14;45,68;39;46,54;38,3;29;49,56;43;74,58;36,3;18,76;45,89;69,72;73,5;48,64;60,9;84;66,55;80,98;59,92;117,91;53,23;71,09;62,32;99,36;49,86;77,07;56,95;76,9
Nord Est;Veneto;TV;NonCap;155,79;191,49;166,14;194,45;120,19;129,97;96,68;141,76;102,12;111,25;98,21;124,65;132,72;136,65;114,4;157,23;108,06;139,77;131,45;149,99;139,38;176,02;166,71;211,13;152,83;214,52;178,39;232,56;157,08;254,23;203,43;283,8;206,36;250,42;227,92;311,14;176,03;220,09;263,14;304,76;305,11;381,02;313,57;403,91;305,8;465,35;320,46;440,56;311,88;351,46;267,05;357,43;252,3;331,1;307,35;431,72
Nord Est;Veneto;VE;cap;31,84;63,46;51,68;59,29;31;71,55;41,17;55,1;39,1;39,9;47,84;60,81;35,37;38,17;44,25;52,58;35,89;57,79;50,89;70,01;44,45;87,25;52,34;84,38;60,63;50,51;57,69;74,83;47,15;58,29;58,02;76,54;67,37;54,72;46,66;80,69;45,92;35,13;59,28;98,65;94,86;108,02;75,5;136,14;98,99;144,57;109,05;133,89;118,71;113,75;115,64;168,24;135,56;153,68;127,5;201,52
Nord Est;Veneto;VE;NonCap;90,71;97,27;88,96;119,53;72,58;112,98;67,76;91,77;88,55;88,9;69,05;77,55;79,11;90,41;72,18;103,64;80,48;94,74;86,64;116,85;99,74;125,06;130,69;149,54;85,49;157,39;142,43;182,66;135,37;177,13;140,12;144,06;150,53;186,04;132,34;174,83;140,42;150,18;148,77;201,29;203,95;259,77;268,24;300,13;197,51;308,38;211,26;268,48;187,83;266,94;175,88;240,1;175,42;228,67;190,14;280,03
Nord Est;Veneto;VI;cap;18,61;17,04;13;30,06;14,14;12,79;11;27;11,27;13,88;4,5;11;6,83;17,82;18,5;23,38;7,25;13,74;10,33;15,85;25,86;22,26;11,88;17,9;15;12,92;19,53;18,58;16,08;19,75;14,16;22,29;20,46;35,53;24,07;37,41;14,54;21,03;10,03;49,24;58,88;63,57;58,19;78,98;53,84;65,17;45,46;75,11;66,5;74,08;50,34;57,1;48,3;72,21;69,99;102,34
Nord Est;Veneto;VI;NonCap;113,5;119,45;62,43;108,9;67,4;73,97;56,13;88,5;63,68;77,72;73,3;93,4;52,33;90,61;62,98;86,14;60,48;98,79;49,14;93,45;93,12;121,19;98,35;104,21;92,11;93,86;97,11;124,48;102,24;110,1;108,06;140,73;90,15;134,62;125,09;168,32;124,79;111,33;138,09;203,31;181,1;281,85;240,89;338;224,91;306,07;207,35;282,57;197,71;263,17;232,4;315,57;235,28;254,87;192,18;327,21
Nord Est;Veneto;VR;cap;58,68;60,58;30,74;91,01;29,08;37,96;33,69;56,42;34,88;40,68;21,71;43,74;21,84;32,41;53,39;34,91;19,92;52,12;26,91;32,18;40,03;63,85;32,22;65,22;44,92;55,48;59,85;90,65;75,07;118,9;80,4;105,43;72,21;120,92;101,32;169,67;124,23;84,11;153,42;242,8;208,68;243,41;225,57;285,33;216,63;347,21;275,6;331,93;306,69;262,13;263,33;327,84;232,83;305,76;265,65;362,98
Nord Est;Veneto;VR;NonCap;92,6;92,96;68,72;108,71;83,86;56,82;61,54;93,31;62,92;64,99;97,3;86,79;61,87;69,5;66,12;88,22;69,82;86,21;57,06;99,9;62,85;84,99;106,08;118,77;91,01;118,37;100,52;176,33;116,94;137,68;146,71;213,72;195,43;233,29;211;236,78;149,3;161,09;265,14;327,21;283,99;320,48;331,92;410,61;371,04;413,6;318,73;467,34;269,76;419,3;289,9;498,55;296,94;342,92;355,34;466,82
Centro;Lazio;FR;cap;4,5;6,67;3;7;1,8;10;7,05;2,17;1;7;4;16;8;13,03;8;10;9;7;11;7;4;13,52;7;6,51;4;9,4;3;9,16;12,68;7;4;6;9;16,05;10;21,83;8;19;22,72;16;15,03;23,33;17;19,5;21,13;30;23,64;11,56;16,08;15;14,32;18,16;6,17;16,21;11,39;13,59
Centro;Lazio;FR;NonCap;62;63,21;59,55;76,63;54,25;54,88;50,04;70;59,01;51,92;58,93;74,53;60,75;61,29;49,85;61,27;44;53,17;54,25;47,96;54,88;68,24;40,52;66,08;48;67,56;43,25;71,23;62,3;64;67,21;76,19;71,94;56,8;51,73;95;35,37;45,94;85,46;103,5;74,59;113,82;96;129,47;98,32;110,26;77,5;132,46;117,34;129,38;106,24;131,17;118,72;134,57;62,83;132,26
Centro;Lazio;LT;cap;74,17;47,89;41,89;49,58;25,52;39,88;20,45;25,05;33,74;34,56;27,39;53,7;61,16;31,96;26,08;25,06;39,23;24,23;30,35;28,55;29,17;27,87;16,75;30,5;26;47,43;36,5;31,01;39,76;33,06;41,73;36,33;41,5;47,92;21,85;50,62;32,55;30,84;33,5;60,31;49,83;58,18;45,35;74,05;76,93;84,07;50,68;76,45;50,39;82,46;39,8;60,11;59,57;53,69;35,99;53,75
Centro;Lazio;LT;NonCap;104,18;121,99;104,24;120,15;94,25;122,81;89;95,6;71,36;87,41;86,08;122,07;98,83;90,2;83;78,15;86,38;106,86;101,16;114,89;93,11;107,02;81,01;134,93;111,08;119,75;91,86;132,15;92,75;125,43;93,54;181,33;109,37;145,79;109,31;131,76;116,51;92,31;142,91;184,16;169,16;189,29;164,89;202,39;183,41;212,09;152,81;183,27;139,61;171,95;164,7;186,33;157,8;194,36;187,17;234,36
Centro;Lazio;RI;cap;10,86;12,43;5,11;15,32;12,5;5,38;6,37;10,82;2,61;12,92;12,33;5,59;4,27;7,3;3,46;8,26;11,44;13,67;6,76;15,18;7,94;9,71;6,85;16;12;5,24;15,01;5,1;9,67;10,39;9;17,5;5,26;11,13;11,15;13,07;7;3,19;12,11;15,92;24,75;36,94;28,5;18,83;32,36;30,62;22,83;22,5;28,6;24,84;15,69;33,75;18,67;29,02;18,13;32,18
Centro;Lazio;RI;NonCap;35,53;62,84;42,98;63,13;44,95;52,29;30,78;47,46;44;56,95;36,76;52,46;41;33,25;23,05;41,9;31,79;47,45;50,67;48;46,6;41,42;44,5;41,14;42,63;52,67;44,01;48,71;43,36;44,96;50,3;76,12;39,33;37;43,9;66,73;32,41;40,89;60,73;79,61;65,19;65,5;71,99;96,12;61,38;79,36;70,9;119,14;62,08;77,75;69,33;95,92;84,61;96,33;88,91;129,73
Centro;Lazio;RM;cap;1370,1;1540,88;1251,31;1756,01;989,71;1189,34;942,34;1405,86;990,18;1191,99;1028,81;1181,9;1141,93;1278,89;1032,98;1277,88;959,87;1265,47;1167,07;1532,15;1178,15;1481,96;1120,79;1783,41;1278,69;1575,01;1279,17;1602,53;1276,15;1453,66;1190,94;1820,69;1386,86;1611,43;1429,11;1645,96;1127,06;1242,24;1430,69;2412,64;2068,02;2641,27;2237,82;2620,09;2244,49;2934,83;2290,75;2383,17;2037,35;2213,23;1882,56;2550,29;2038,47;2758,7;2071,61;2862,62
Centro;Lazio;RM;NonCap;552,3;613,1;448,97;703,84;474,32;437,24;345,68;509,23;418,75;425,68;323,03;411,7;435,13;420,16;343,5;387,87;375,68;357,44;336,68;436,53;417,86;510,4;386,88;537,05;447,63;557,49;439,82;529,79;482,46;558,77;471,62;645,39;558,6;614,68;475,01;613,61;505,33;394,44;560,14;833,81;711,15;896,54;806,62;984,4;782,07;937,44;696,96;890,65;652,91;751,35;668,7;896,57;653,19;823,1;717,27;979,5
Centro;Lazio;VT;cap;47;37,39;25;31,37;28,71;27,49;14,57;26,33;17,78;26,22;34,28;24,59;22,66;12,92;25,33;21,27;15;23,94;27,99;31,33;24,73;26,5;29,17;42,37;38,48;56,41;36,09;34,17;26,99;28,02;20,61;38,63;31,84;35,45;28,42;42,65;28,63;28;45,15;52,53;59,4;69,83;46,94;77,63;44,19;85,32;43,22;59;51,38;62,66;44,28;53,53;46,41;61,82;41,91;47,46
Centro;Lazio;VT;NonCap;98,74;156,44;99,44;122,87;87,28;107,57;82,72;111,08;85,48;104,83;105,39;115,3;88,36;97,34;86,99;100,94;70,76;117,69;89,44;137,88;96,38;93,89;100,59;126,64;99,09;114,92;99,79;143,59;103,33;152,53;129,34;166,16;119,47;171,64;90,35;138,23;79,16;74,67;136,9;145,18;151,77;179,56;167,59;247,87;175,66;227,39;180,63;222,95;161,67;187,76;137,33;199,83;146,18;177,97;122,24;189,18
Centro;Marche;AN;cap;20,67;18,95;18,29;11,35;13,15;7,33;13,94;11,28;11,42;8,32;14,38;18,56;12,06;11,48;20,22;20,1;9,68;9,17;12,68;9,43;13,67;14,23;18,53;13,32;14,8;17,73;14,19;24,43;13,9;13,24;20,54;16,74;21,69;19,02;12,79;11,55;13,18;9,71;26,89;67,24;62,99;68,35;52,29;81,28;74,29;75,63;64,56;102,38;75,19;73,44;65,72;99,21;87,01;84,44;81,17;103,42
Centro;Marche;AN;NonCap;52,94;77,36;74,49;83,69;52,33;54,65;36,52;70,02;37,8;61,6;49,43;73,09;47,23;57,02;58,12;69,01;33,07;69,45;44,61;57,61;53,18;57,48;71,01;70,14;53,02;79,48;34,09;84;54,11;70,18;46,35;82,25;84,2;63,51;66,55;84,32;59,75;55,83;84,46;156,83;135,5;230,59;159,79;218,48;174,81;230,89;183,96;205,98;170,85;178,21;173,32;205,95;156,49;196,58;201;231,62
Centro;Marche;AP;cap;14,5;11;11;7,92;2,74;11,17;5,5;10;7,94;9,29;9,4;11,5;9,63;7,88;4;13,33;8,13;10,25;9;15,82;14;15,58;14,18;14;7,42;13,01;12,17;6,57;7;13,56;7;24,01;19,35;5,66;8,83;23,77;9;7;16,03;34,5;21;34,34;26;29,67;41,4;38;43,56;56,41;31,08;34,67;39,35;39,91;39,42;37,28;33,75;45,67
Centro;Marche;AP;NonCap;74,19;91,46;71,43;100,47;64,4;65,6;58,61;69,92;56,26;92,64;57,53;71,61;45,46;62,98;64,21;81,19;38,83;78,05;47,84;61,66;58,59;90,06;51,13;88,14;69,18;85,73;66,1;89,08;82,29;96,59;63,38;120,62;84,15;135,61;71,46;131,5;80,45;72,17;115,04;152,91;130,6;179,85;160,32;201,88;174,78;250,06;182,74;192,55;150,59;173,62;142,45;205,19;121,3;145,65;152,26;280,77
Centro;Marche;MC;cap;7,28;13,5;8,77;11,48;6;13,61;7,22;6,56;5,7;7,06;5;7,68;6,17;2,56;5,93;16,17;11,56;5;9,67;13,3;8,09;13,1;10,67;12,6;13,56;11,5;3;15,5;10,93;12,33;9,88;10,17;18,16;18,21;6,67;11,34;19,5;1,33;12,58;39,21;21,24;32,5;27,84;33,5;33,2;51,5;19;34,97;22,49;20,39;27,04;39,24;34,17;31,42;26,04;35,68
Centro;Marche;MC;NonCap;72,29;77,94;51,39;94;50,98;48,92;51,41;54,14;44,13;45,42;46,06;55,64;49,73;46,19;38,03;51,93;53,3;60,18;59,4;66,86;63,13;71,72;50,49;66,73;41,75;71,64;45,76;65,51;69,96;65,47;59,43;79,37;75,24;65,19;50,64;83,75;60,96;48,84;86,42;122,78;124,63;176,87;152,62;207,03;203,46;236,34;130,35;196,42;140,19;135,23;133,73;183,07;110,83;183,38;154,8;262,63
Centro;Marche;PS;cap;22,64;33,02;31,93;45,75;43,08;41,88;15,76;23,98;12,49;12,45;17,83;17,11;14,55;21,25;17,86;17,5;24,04;15,75;34,5;21,94;16,67;26,67;18,25;51,67;22,5;16,75;20,13;30,15;24,17;25,25;22,5;22,61;16,04;33,54;26,39;28,45;21,09;25;28,69;42,58;50,18;81,39;55,26;81,77;58,49;64,93;70,61;69,45;39,66;52,54;51,45;71,4;45,1;61,72;63,99;62,77
Centro;Marche;PS;NonCap;28,45;52,13;42,12;52,51;47,32;54,02;56;38,48;25,25;46,08;26,23;44,29;25,94;31,12;20,25;52,18;28,91;26,25;27,57;37,08;27,97;47,52;32,75;46,01;27,28;37,75;41,88;49,74;33,9;39,47;36,65;52,55;50,22;71,28;42,64;79,42;36;33,97;58,37;84,6;79,12;106,42;91,16;125,94;102,83;140,54;97,05;98,11;91,07;87,06;73,66;103,88;90,44;109,31;73,89;158,3
Centro;Toscana;AR;cap;25,25;25,08;17,46;23,9;23,78;18,67;16,53;24,86;15,75;26,01;13,08;25,1;19,25;24,75;13,5;18,79;14,3;11,88;15,81;25,11;21,42;23,84;19,63;17,85;22,22;23,6;19,75;20,34;18,3;34,93;27,92;31,5;18,25;25,27;28,06;37,86;15,48;24,44;35,03;63,91;62,66;68;65,55;76,58;86,31;101,67;86,25;57,25;58,57;83,71;54,38;73,18;51,8;69,78;53,55;81,58
Centro;Toscana;AR;NonCap;36,11;46,74;34,28;64,87;45,16;42,02;27,52;40;22,97;18,39;34,48;39,98;34,61;35,61;40,56;39,43;27,34;38,82;32,77;38,24;40,81;41,36;41,41;49,9;37,03;50,27;51,34;53,38;48,03;52,41;47,7;63,38;40,64;63,95;62,8;56,9;46,67;42,5;63,85;110,46;93,76;120,03;105,88;133,32;132,29;122,19;111,7;157,25;103,29;135,29;107,47;147,44;104,34;126,75;92,89;182,65
Centro;Toscana;FI;cap;64,66;118,09;71,8;107,44;75,32;76,77;56,57;131,63;69,01;86,6;92,03;112,24;96,29;93,23;71,26;110,23;93,75;106,96;92,51;127,54;112,57;155;123,89;133,82;136,46;141,8;114,83;175,48;144,77;158,21;136,8;155,79;155,81;206,17;135,7;145,73;87,79;121,38;130;248,66;225,08;277,48;209,18;286,58;260,82;279;228,55;303,61;245,08;241,59;220,29;289,15;214,95;239,03;208,38;356,62
Centro;Toscana;FI;NonCap;148,65;162,85;117,26;158,75;130,66;144,42;90,95;128,67;120,29;93,49;110,86;132,16;95,93;110;106,82;148,14;100,74;157,34;131,45;145,1;134,88;173,1;141,81;198,42;116,94;204,85;176,86;233,22;169,34;193,79;196,86;264,54;199,71;208,04;209,92;232,21;169,16;187,98;249,07;365,1;288,01;353,34;329,63;420,8;373,78;441,36;383,13;370,11;323,84;345,68;263,75;359,84;291,55;332,16;314,89;407,87
Centro;Toscana;GR;cap;18;14;12,08;9,18;13,96;8;11,48;22,56;13,85;20,35;12,83;25,91;25,38;11,5;10,64;22,08;14,5;11;11,86;19,25;9,5;11;16,84;9,5;18,77;21,42;20,14;17;24,1;21;11,19;13,04;17,43;16,37;14,39;36,07;14,27;11,06;20,21;21,71;31,26;34,02;23,09;25,17;29,46;33,21;20,12;44,58;27,88;38,76;27,18;41,67;26,2;40,88;36,17;50,43
Centro;Toscana;GR;NonCap;89,5;92,13;92,64;98,2;73,38;67,32;73,81;71,68;65,52;55,66;65,63;73,65;65,58;73,88;62,55;85,9;78,69;64,22;56,85;89,82;61,76;75,75;74,76;105,6;79,69;65,78;76,08;80,94;66,15;63,95;59,3;73,75;61,58;91,46;56,54;117,19;53,34;77,38;86,49;110,95;118,88;194,93;130,82;155,67;141,88;141,68;142,47;143,67;130,59;146,57;157,35;174,02;133,73;156,36;146,11;167,98
Centro;Toscana;LI;cap;28,4;29,16;30,67;55,97;23,77;46,27;29,33;34,83;27,24;36,44;21,84;31,68;20;25,89;27,5;35,33;43,08;20,19;22,22;53,5;25,15;52,69;20,52;31,08;36,48;38,15;28,17;46,78;35,04;45,22;46,63;38,08;37;55,33;30,71;41,55;27,55;25,66;37,02;101,15;102,3;93,68;96,73;91,44;130,38;108,81;99;103,07;82;75,64;84,42;106,76;78,75;70,58;76,1;97,14
Centro;Toscana;LI;NonCap;71,02;103,62;58,76;82,62;63,65;69,89;40,26;70,98;53,16;83,35;57,18;60,32;73,04;81,84;68,36;55,84;69,61;79,1;66,28;78,05;62,82;92,72;89,07;103,01;80,67;80,67;79,05;108,41;94,84;93,72;101,87;98,23;94,21;78,52;99,47;130,82;80,85;71,82;104,48;164,94;143,45;198,6;175,73;204,11;201,36;235,22;182,57;205,41;136,45;188,53;145,09;238,06;154,05;198,07;158,43;191,03
Centro;Toscana;LU;cap;22,25;40,34;22,35;30,52;19,8;16,1;11,67;28,93;27,64;20,23;10,5;13,83;17,83;11,39;17,08;24,37;14,61;18,73;10;23,33;24,9;19,39;21,68;30,54;32,11;29;16,6;33,16;22,71;53,33;28,58;37,28;33,33;33;21,36;44,38;14;16,83;15,5;98;76,53;65,17;52,42;60,33;67,67;58,66;53,17;55,87;50,21;51,76;44,43;41;26,58;48,5;50,56;50,2
Centro;Toscana;LU;NonCap;57,66;68,35;54,83;70,56;61,68;50,88;48,02;59,94;53,38;36,59;40,5;54,94;42,52;47,64;38,52;64,31;44,43;33,01;40,95;50,1;44,12;70,28;50,09;60,87;62,75;55,87;58,19;70,52;61,62;80,93;56,01;80,29;59,65;86,85;83,65;82,85;55,7;53,62;105,23;161,97;110,77;135,2;119;159,17;138,19;141,65;107,12;152,65;101,38;144,75;115,78;140,53;124,42;147,15;137,86;164,57
Centro;Toscana;MS;cap;11,67;24,07;13,89;25,11;5,21;8,5;16,17;17,4;10,01;21,8;7,32;6;17,6;13,27;6,61;6,67;8,5;16,58;13,4;14,06;12,71;18,81;14;29,38;16,07;26,86;27,43;13,32;9,5;22,88;18,66;16,65;19,02;15,88;14;21,33;12,07;15,67;27,83;33,3;28,83;34,12;41,4;33,56;30;33,15;35,05;34,53;35,86;33,7;27,58;47,19;19,38;38;30,44;38,91
Centro;Toscana;MS;NonCap;48;62,83;53,97;59,9;38,92;51,12;54,75;53,61;36,29;42,14;34,35;35,19;42,74;46,89;39,75;40,87;36,1;34,18;51,31;54,94;46,91;47,95;49;64,89;44,5;62,65;51,35;63,41;50,43;80,83;49,29;73,2;46,55;63,33;56,65;57,14;40,68;41,49;43,9;63,84;79,5;83,69;89;145,67;78,44;138,75;100,1;91,47;87,62;109,51;127,05;144,34;102,75;116,85;90,25;128,47
Centro;Toscana;PI;cap;32,18;27,9;39,21;37,98;17,17;16,45;11,03;26,25;26,56;22,02;22,89;18,8;9,62;9,6;18;28,96;28,89;20,93;21,54;38,13;24,6;49,51;33,66;42,01;39,94;22,25;20,71;46,96;27,87;40,06;27,46;65,75;22,1;39,25;21,78;45,18;46,35;33,08;36,8;80,31;71,94;85,33;66,04;80,43;67,69;75,52;55,69;83,71;56,81;78,49;54,61;81,49;55,59;77,91;60,79;83,86
Centro;Toscana;PI;NonCap;107,19;144,32;80,34;111,87;78,48;96;76,53;83,34;83,01;68,22;53,9;80,5;69,09;63,11;68,96;81,32;67,33;125,4;58,05;105,49;82,02;94,5;93,58;135,35;97,43;141,71;85,29;117,02;94,33;132;106,44;148,27;110;119,61;121,52;164,95;98,51;106,9;146,15;253,74;178,82;235,17;233,96;296,03;241,24;347,57;228,53;284,67;209,2;204,51;191,84;213,43;154,24;197,42;182,7;226,49
Centro;Toscana;PO;cap;36,29;40,47;38,89;72,9;21,37;28,6;25,61;33,77;23,3;34,39;18,16;29,72;31,79;32,06;19,2;25,52;22,14;45,77;21,7;41,19;31,59;50,97;27,62;59,52;46,57;47,96;54,9;50,8;35,42;44,24;47,96;63,04;44,33;40,26;44,9;89,37;53,44;55,15;46,19;75,68;76,95;115,71;96,89;151,45;112,49;126,76;83,27;94,47;70,33;100,54;84,99;71,1;85,02;86,54;76,42;101,13
Centro;Toscana;PO;NonCap;9,54;16,28;7,25;8,51;4,36;10,83;8;5;8;8,36;6,33;5,75;9,47;8,37;5,33;8,5;12,78;7,69;7;10,94;10,26;10;5,41;15,83;16;6,41;10;15,28;11;9,01;12,17;26,13;9,25;15,92;10,56;19,5;14,33;6,66;20,02;28;25,42;27,53;30,94;27,17;37,17;27,5;12;27,33;24,73;25,09;22,33;24,2;27,16;29,73;17;40,5
Centro;Toscana;PT;cap;15,38;18,51;5,67;17,27;10,12;19,46;10,5;11,33;12,5;6;9,5;8,33;8;6,67;14,46;8,25;6,36;10,5;11,02;10,33;18,34;16,98;5,79;33,04;14,33;12,83;19,83;22,01;14,69;15,83;23;13,83;10;11,89;18,8;28,38;17,67;18;29,22;26,66;36,75;30,17;31,29;32;31,06;52,33;31,26;44,99;27,59;43,29;44,6;29,88;35,59;54,19;33,5;54,58
Centro;Toscana;PT;NonCap;22,72;35,74;22,33;20,74;33,71;21,85;17,39;23,66;12,76;29,4;15,86;21,07;8,55;17;14,46;26,39;22,84;25,5;27,91;22,8;18;23,71;31,6;24,82;24,43;19,85;21,61;29,42;25,72;36,14;21,56;28,99;38,35;28,64;37,22;31,21;27,83;15,54;52,75;74,67;45,47;79,63;68,19;89,43;59,8;101,86;76,89;79,94;69,81;56,25;79,15;83,59;61,27;78,97;64,08;111,45
Centro;Toscana;SI;cap;11,02;18,64;15,13;13;7,18;7,51;8;15,14;16,33;14,76;12,7;11,14;11,67;16,87;11,6;12,83;17,81;25,63;7,64;41,7;11,05;16,73;18,17;14,84;14,27;13,1;8,31;15,71;9,36;8;16,23;18,67;14,74;14,32;27,25;10,66;9,03;15,13;15,43;26,66;14,5;12,9;12,85;18,41;16;19,03;11,37;21,7;37;27,02;22,75;35,5;16,73;30,65;32;32,06
Centro;Toscana;SI;NonCap;60,87;71,45;62,6;71,29;75,13;76,34;53,95;47,79;59,54;63,01;64,71;74,94;58,85;55,76;38,91;69,89;63,32;62,91;49,56;65,93;48,72;73,17;47,42;66,06;71,23;47,93;74,07;69,2;70;77,95;78,05;113,28;82,64;88,12;59,7;94,79;56,53;46,69;69,48;81,47;80,34;138,87;116,15;131,81;136,19;111,12;112,77;118,58;107,05;117,78;92,37;125,5;105,56;147,57;106,87;160,85
Centro;Umbria;PG;cap;43,71;53,64;40;61,95;40,18;32,88;27,58;30,25;33,01;42,19;23,3;40,02;29,5;42,8;25,91;50,13;39,64;31,14;34,58;47,78;33,77;51,1;63,34;38,66;48,35;37,96;45,77;43,71;39,1;53,53;54,6;60,95;56,44;64,93;45,08;46,19;31,65;28,76;58,81;58,8;69,14;103,98;101,3;114,78;114,08;141,11;98,95;147,81;86,51;96,92;122,4;125,36;107,68;107,52;121,21;144,27
Centro;Umbria;PG;NonCap;114,04;127,7;113,93;150,79;105,98;86,11;98,67;132,26;74,51;115,43;86,8;91,84;77,36;87,46;84,87;97,55;92,01;122,39;108,77;125,08;96,93;125,79;101,44;140,68;125,97;119,14;119,44;136,32;125,52;133,02;135,14;168,32;111,39;127,55;144,89;156,8;117,2;108,65;166,6;215,96;200,14;312,17;270,43;299,25;287,41;405,19;282,88;346,05;271,68;327,38;256,67;331,37;259,53;310,61;280,69;339,8
Centro;Umbria;TR;cap;47,5;30,16;34,35;39;35,16;30,03;23,12;34,24;18;32,63;17,67;44,37;25,5;18,13;20;18,29;18,79;17,5;9;28;18,25;27,08;22,5;16,23;30,5;13;11;16,81;21;23,5;25,31;21;15,27;28,67;24,52;24,48;16,62;21,77;30,67;59,01;54,73;85,58;80,02;70,55;88,12;88,23;76,27;83,99;68,97;71,34;59,88;77,84;66,08;70,13;66,75;101,04
Centro;Umbria;TR;NonCap;42,06;39,83;42,79;45,2;31,27;47,13;34,2;28;36,89;29,86;26,67;48,67;31,72;37,32;27,82;33,64;25,65;26,83;31,59;41,91;28,59;29,88;28,02;45,54;18,5;49,62;55,49;54,84;44,47;37,12;42;52,11;33,67;45,73;39,37;38,36;31,56;30,54;46,51;61,25;59,84;106,82;91,29;111,17;77,82;84,29;86,48;85,93;72,15;93,12;79,67;100,23;78,2;81,32;70,33;87,83
Sud;Abruzzo;AQ;cap;12,51;7;26,75;6,5;6,25;12,8;16;19,5;4;18,36;8,5;11,67;16,83;10,67;21,5;9,34;15,99;13,8;15,51;22,07;24,95;22,75;21;29,88;27,1;36,86;39,5;35,29;26,14;40,04;36,6;39,74;35,62;37,93;36,7;37,96;36,61;63,76;56,69;64,2;45,77;70,74;40,37;48,41;48;63,08;43,89;54,8;59,47;56,45;45,39;79,82;42,83;65,64;122,55;77,62
Sud;Abruzzo;AQ;NonCap;93,42;86,15;60,84;134,43;64,53;85,06;66,83;103,21;60,79;74,33;87,62;92,95;54,42;60,37;56,5;78,07;45,09;47,57;56,44;86,53;75,78;65,95;55;99,89;62,41;77,49;71,7;98,98;80,62;66,82;73,22;107,36;58,41;89,88;80,72;107,48;53,3;77,67;142,55;164,57;118,7;131,43;160,73;202,12;138,23;153,63;146,05;218,31;148,35;156,26;134,3;190,91;127,99;184,02;151,17;229,23
Sud;Abruzzo;CH;cap;6,3;21;17,75;27,74;20,81;13,67;10,64;17,28;9,39;10;8,99;11,47;6,5;9,25;8,15;12,07;11;15;13,57;10;9,5;15,82;7,33;17,32;15,13;14,51;6,5;17,25;10;16,83;14,7;11,4;10,17;8;15,33;18,21;9;6,59;14;8,13;16,26;22,47;12;14,77;30,22;20,27;18;30,41;24,41;27,17;22,26;43,25;60,81;18,59;52;34,76
Sud;Abruzzo;CH;NonCap;73,88;77,74;80,92;103,82;67,86;77,23;91,11;75,28;48,92;75,66;63,5;77,36;46,5;50,78;61,79;87,95;45,28;61,45;52,8;67,35;60,16;59,52;72,81;81,58;61,95;69,33;58,75;106,33;80,24;87,02;111,06;132,66;81,32;67,69;81,51;104,47;63,78;68,09;120,2;144,73;86,16;145,98;159,32;185,89;122,88;153,98;150,4;161,51;145,96;150,83;139,55;181,76;141,21;188,18;157,89;222,76
Sud;Abruzzo;PE;cap;23,83;54,86;19,61;36,8;25,44;22,94;30,23;21,03;9,24;19;22;22,4;14,29;10,69;12,21;15,46;21,73;18,78;14,72;13,93;20,5;24,32;21,09;15,14;13,56;23;11,3;31,67;17,24;26,85;22,33;30,19;29,5;32,19;13,56;42,69;21,99;26,77;27;37,37;41,64;57,45;58;77,72;48,49;53,35;36,5;54,03;73,91;54,55;52,92;52,27;45;61,82;47,5;70,87
Sud;Abruzzo;PE;NonCap;53,3;50,71;40,47;56,33;33,03;41,49;24,76;39,82;33,84;35,59;38,11;32,11;22,55;37;26,88;30,9;18;26,12;40,11;34,62;26;32,17;43,33;39,31;23,81;25,67;29,04;48;35,08;33,5;48,22;50,74;40,29;49,51;42,28;53;32,5;28,22;42,77;56,31;53,31;55;60,03;78,58;77,34;80,6;73,5;71,25;88,51;72,71;59,34;84,5;78,85;84,5;77,5;85,83
Sud;Abruzzo;TE;cap;18;23,78;17;22,98;15,33;13,2;20;15,2;23;21,14;25,88;16,16;28,74;26,13;14;22,17;13,15;18,55;9,42;24,22;10,07;38,74;8,5;15;14,96;16,7;29;16,72;15;23,54;12;16,07;17,51;13,5;14,53;31,04;60;19,96;12,33;37;29,12;31,16;42,06;42,06;51,22;67;38;52,38;40,67;34;34;33;19,25;31,06;27,17;77,63
Sud;Abruzzo;TE;NonCap;110,48;158,94;83,26;143,8;110;91,7;90,65;118,03;75,58;79,41;83,68;103,92;100,7;84,29;83,5;84,19;67,49;80,3;96,71;81,77;101,19;122,47;84,51;85,61;85,37;100,31;102,29;112,67;101,39;133,45;104,74;146,3;96,45;110,96;125,72;167,4;79,79;87,17;130,07;181,58;159,72;218,7;178,46;216,38;168,62;232,02;170,87;208,6;142,87;183,54;181,55;203,74;166,95;217,13;191,9;341
Sud;Basilicata;MT;cap;10,07;14,22;4,17;19,97;14,09;10,54;6;9,5;24;13,5;7,66;19,92;12,11;11,49;12,25;14,77;20,6;16,77;15,45;25,03;15,21;16,63;9,57;22,28;13,84;21,27;13;33,66;17,26;12,74;9,87;19,75;15,67;23,3;8,84;16,97;17,07;14,67;20,1;19,03;33,38;38,94;22,01;33;28,26;56,79;21,26;52,91;32,51;48,54;28,07;36,54;29,79;28,33;36,08;30,96
Sud;Basilicata;MT;NonCap;27,63;48,13;43,75;64,43;32,15;48,99;22,5;36,59;45,27;38,97;45,83;47,37;23,62;37,4;41,64;31,4;34,57;27,28;37,87;41,6;35,34;31,04;46;40,02;47,06;28,8;31,5;43,7;32,48;42,42;40,69;54,52;42,68;42,51;48,25;54,61;38,23;37,56;52,61;46,02;43,56;78,91;66,31;65,58;44,13;72,17;64,19;67,86;51,62;45,14;40,07;63,56;53,96;54,77;55,15;57,59
Sud;Basilicata;PZ;cap;6,79;9,66;8,08;18,58;6,57;19,39;7,55;10,56;8,66;8,26;13,04;7;13,55;9,49;5,74;10,55;7,84;8,12;11,11;11,2;15,12;11,67;13,76;9,16;14,15;14,05;9,02;18,24;15,1;13,1;10,57;16,78;10,25;13,36;14,91;19,94;7;8,53;8,79;13,84;30,09;30,92;35,19;39,14;40,22;59,33;35,39;36,31;31,3;35,29;40,71;45,29;34,05;44,56;43,2;45,73
Sud;Basilicata;PZ;NonCap;80,95;96,16;88,67;134,57;91,1;95,76;81,22;103,98;77,99;95,01;93,55;100,1;62,66;87;73,61;107,82;69,65;92,59;93,11;108,67;113,46;94,54;101,83;107,55;77,83;95,15;120,17;146,26;80,6;97,05;105,41;115,84;94,72;98,79;117,22;127,35;71,88;61,02;135,57;125,58;104,88;143,25;124,02;174,7;132,09;155,22;177,3;182,5;116,99;118,59;146,34;175,04;140,17;145,24;138,26;175,93
Sud;Calabria;CS;cap;22,9;18,2;13,1;18,79;10,4;11,2;18,1;10,14;14;13;16,09;20,38;11;21;19,22;17,87;17,73;28,08;12;15,58;15;23,41;14,37;23,08;17,24;37,28;17,42;30,7;20;10;12,7;14,59;19,08;15,63;19;24,39;15,13;14,97;22,12;21,52;25,33;26,22;27,72;20,08;27,83;56,1;14,13;32,15;23,42;18,2;22,79;36,92;26,3;25,3;21,25;25,49
Sud;Calabria;CS;NonCap;156,81;188,63;163,9;210,21;121,57;145,07;135,87;158,45;90,88;128,28;113,13;173,49;118,55;130,22;166,84;139,15;121,27;112,47;142,94;130,59;126,03;116,21;149,69;151,79;147,56;140,53;147,92;183,95;159,83;176,33;187,48;184,16;163,42;165,03;187,48;183,63;113,46;93,96;206,61;215,53;156,92;182,13;238,32;231,25;191,04;224,49;211,48;254,6;199,52;229,23;210,74;267,13;199,48;237,04;225,38;286,9
Sud;Calabria;CZ;cap;24,04;22,08;29,19;35,65;20,32;18,55;7,9;30,95;14,77;13,08;5;16,03;13,24;10,26;8,27;13,33;21,65;10,51;7,67;11;19;11,55;15,02;24,22;25,51;32,59;19,16;19,99;28,25;27,08;59,75;12,4;16,27;20,75;14,1;30,62;16,08;3,07;17,51;28,09;21,69;30,83;18,16;27,05;34,65;46,54;24,74;37,86;23,22;33,05;26,27;27,11;38,11;27,79;31,28;44,14
Sud;Calabria;CZ;NonCap;55,63;44,65;63,2;69,08;45,52;51,6;73,25;56,7;46,65;44,49;67,46;57,56;35,13;49,31;51,93;57,69;38,5;41,13;47,54;51,2;41,78;65,49;56,13;51,25;37,2;55,87;60,65;74;56,83;47,29;69,15;67,94;56,51;56,65;60,19;57,49;39,79;36,79;92;81,93;49,2;77,13;101,96;88,42;66,19;82,73;109,77;101,92;92,22;87,07;96,33;100,21;76,22;79,95;96,81;108,45
Sud;Calabria;KR;cap;12,94;6;6;6;9;6,18;6,08;2,84;7;10,14;6;10,5;6,74;4;4,67;8,83;9,3;5;4;10;9;9,35;14;5,5;8,67;2,96;7;19;18,83;8;4,1;3;7;11,93;24;20,58;6;5,67;14;8,57;8,8;12,38;9,1;9,17;15,67;14,92;11,67;7,66;9;9;9,13;18;7;8,05;7;9
Sud;Calabria;KR;NonCap;15,92;24;18;29,03;26,4;9,53;19,41;19;18,13;12,5;18;17,53;16,5;17,06;15,72;11,94;10;10;26;14;15,5;16;22,03;16;14;18;18,65;16;27,94;17,28;17,94;27,86;18,75;20,8;24,46;21,5;19,25;15;24,88;32;19,5;15,5;26;29,11;23,84;26;32,95;31;19,74;36,39;26,34;41;36,86;19,6;23;25
Sud;Calabria;RC;cap;29,2;48,5;16,67;12,7;16,25;31,23;24,39;27;12,5;14,75;8;23,31;23,2;17,5;11,76;20,67;16;25,17;27,77;21,75;27,8;13;13,1;16;17,5;21;16,54;19,75;24,88;17,58;9,28;15,58;16;18,61;20,91;29,77;6,25;17,05;18,9;13,8;21,6;33,25;40,23;22,7;25,32;43,42;25,38;29,4;23,25;19,08;21,41;30,17;18,5;28,8;28,59;52,5
Sud;Calabria;RC;NonCap;27,33;34,65;34,75;42,09;25,94;35,47;21,5;30,5;23,58;21,42;36,3;35,44;18,5;22,07;33,16;29,35;24,08;30,4;35,19;28,09;14,5;20,5;19,28;39,78;36,96;25;39,87;28,34;36,34;31,25;33,88;49,88;27,96;26,34;26,13;31,72;30,2;20,22;39,88;28,66;37;34,54;39,57;51,54;34,01;45,25;43,37;64,83;44,31;47,95;40,45;54,5;43,96;34,12;61,97;65,17
Sud;Calabria;VV;cap;5,75;15;2;1;0;4;3,5;6,67;2;5;1,75;6,71;6;10;2,5;1;0,94;4;2;4;4;6,56;11,09;5,75;7;9;1,5;6;6;2;4,04;4,83;5;10;3,8;11,52;3;3;8;8;11,83;10,33;9;11;4;11;5;2,83;6;7,33;9,6;5;8;9;7,67;3
Sud;Calabria;VV;NonCap;22,8;17,8;15,33;21,33;10;17;12,3;21,1;10,81;13,98;12,5;20,6;19;3;17,17;17,56;16,25;10;16,09;20,75;15,14;13,64;8,6;20,92;9;18,93;19,9;10,2;20,3;18,75;20,95;17,83;12,35;26,75;24,13;24,24;14,5;5;15,62;15,81;22,71;12,73;27,97;29,67;22,49;34,71;18,73;22,87;21,17;18,5;41,81;31,01;22,85;24,13;29,56;36,31
Sud;Campania;AV;cap;9,16;12,87;14,5;10,1;8,68;5,2;4,01;5,4;10,56;6,11;8,17;9,33;8,5;14,95;4,86;11,05;7;4,97;2,09;11,9;10,4;10,56;6,14;19,19;11,04;12;11,41;10,12;4,17;11,21;8,14;5,33;13,41;4,19;12,76;11,33;5,54;10,07;5;13,04;9,35;10,75;13,05;6,82;15,22;18,84;18,46;13,67;17,59;20,3;12,92;18,09;12,9;19,3;9,59;21,33
Sud;Campania;AV;NonCap;72,35;90,63;95,17;107,36;64,74;75,27;67,28;80,66;66,59;72,68;53,66;66,83;56,48;54,23;68,04;74,77;39,35;55,88;61,96;81;63,62;63,08;53,11;75,22;57,37;80,22;72,01;105,95;68,98;68,7;83,65;91,08;71,56;95,4;58,75;89,14;70,7;54,69;80,16;116,92;86,09;89,22;97,21;116,12;94,18;109,35;119,42;139,97;116,51;127,13;110,33;181,14;102,78;126,62;132,12;132,17
Sud;Campania;BN;cap;10,38;15,83;5,16;39,04;8,84;13,2;14;2,73;5,87;7;9;13,5;13,83;14,39;12;19,71;9;18;10,5;13,5;14,5;12;12,89;19,26;19,62;13,62;10,44;17,42;17,29;15;12;16;23;20,11;11,43;13,33;6;6,21;26,62;9,04;20,96;21,5;18,3;24;35,15;40,34;24,17;27,64;23,08;22,5;14;28,59;18,5;26,84;24,84;29,71
Sud;Campania;BN;NonCap;29,1;32,18;40,41;63,14;32,92;37,58;29,9;36,64;35,27;31,92;39,03;35,5;39,58;29,27;39,21;41,52;35,12;33,41;32,44;42,77;31,8;36,22;46,7;33,38;17,83;38,21;40,67;34,71;29,77;37,59;43,34;31;37,61;46,16;38,17;41,14;25,52;18,8;52,02;40,27;53,39;56,65;58,79;56,53;40,59;67,63;58,84;64,76;61,27;41,16;51,41;67,09;56,5;48,29;55,7;83,15
Sud;Campania;CE;cap;21,5;30,84;12,61;30,69;26;18,6;15,4;18,36;6,55;12,92;13,25;22,25;20,55;13,54;15,5;15,41;13,13;16,06;10,5;17,9;25;24,7;23,07;24,39;21,16;23,5;21,26;26,82;20,14;28;29,48;20,3;23,66;29,84;24,39;37,54;20,15;34;18,66;34,94;36,08;47,77;28,88;53,56;59,79;62;33,41;54,19;27,71;49,14;33,29;45,98;42,49;43,27;39,22;57,51
Sud;Campania;CE;NonCap;98,76;157,12;72,91;139,61;99,82;112,54;93,26;107,07;84,71;93,1;77,68;90,14;100,58;70,51;77,6;98,12;71,8;70,5;93,77;96,78;71,12;153,11;82,03;107,1;96,56;136,14;100,86;138,74;109,98;149,71;129,51;137,96;115,98;128,76;106,39;139,84;98,98;109,88;120,47;178,35;173,91;188,8;172,28;223,57;155,69;211,17;194,39;212,33;215,48;178,49;159,37;210,55;174,74;195,84;169,2;242,46
Sud;Campania;NA;cap;93,3;102,19;79,16;186,99;195,05;216,41;258,61;727,78;373,12;110,79;59,63;86,47;94,87;91,22;84,77;109,78;84,29;111,97;81,45;134,5;94,43;130,41;99,39;111,86;98,31;142,14;115,73;142,91;123,6;136,58;81,4;119,56;143,97;138,46;99,27;148,27;104,49;77,88;114,04;160,53;169,19;239,44;161,79;230,65;201,86;228,72;154,85;228,84;190,43;238,41;169,68;238,84;185,59;227,98;188,82;280,08
Sud;Campania;NA;NonCap;300,8;326,49;224,51;360,54;213,7;284,41;212,26;318,94;237,15;231,98;170,26;282,34;229,5;244,79;169,74;243,81;229,64;221,57;219,39;286,26;262,5;307,03;251,67;308,62;307,31;309,62;260,72;337,55;344,33;341,93;310,12;363,24;358,91;378,82;283,5;393,84;255,73;257,53;333,09;383,51;393,76;425,91;404,14;493,09;467,03;531,35;358,76;502,95;399,98;519,81;382,65;564,25;424,25;519,69;375,73;584,18
Sud;Campania;SA;cap;16,04;21,18;12,95;18,18;15,82;21,33;12,75;24,89;19,99;15,2;11;21,39;10,38;14,43;16,71;15,5;15,72;36,2;18,22;12,57;13,4;33,44;25,25;38,5;23,5;22;15,33;21,13;32,17;40,45;18,2;22,63;36,34;39,21;26,22;28,37;15,65;14,13;16;43,84;46,52;51,7;46,28;42;35,74;52,03;43,16;33,75;35,88;72,25;63,69;86,89;39,36;50,34;30,22;59,18
Sud;Campania;SA;NonCap;185,2;173,96;138,88;226,79;168,16;162,86;122,85;179,42;135,65;146,95;164,08;155,71;149,75;155,36;150,5;185,91;128,13;145,95;132,96;185,62;150,02;181,05;151,62;195,22;184,46;196,46;152,76;222,08;191,06;218,22;189,56;243,24;209,45;222,71;210,97;248,47;185,11;150,97;234,93;308,47;250,93;304,59;288,74;358,17;319,09;342,37;310,01;414,23;288,67;315,25;278,29;370,24;293,36;344,9;338,67;394,34
Sud;Molise;CB;cap;26,5;22,19;11,67;26,18;7,08;13,61;9,06;11,75;17,62;17,79;6,86;6,36;7,05;8;11;21,13;21,15;13,19;12,45;10,4;12,15;26,62;13;10,66;13;7;13,33;15,64;16;14,76;7,54;14,13;17;12,06;15,6;10,32;10,29;8,04;20,57;29,31;19,29;19,63;24,91;34,33;27,34;32,49;19,27;21,5;11,73;29,67;23,06;31,12;29,35;35,64;35;18,44
Sud;Molise;CB;NonCap;38,94;32,12;58,07;41,67;29,53;35,16;44,57;53,58;41,25;37,91;33,42;37,27;32,45;34,05;29,77;45,35;38,29;34,42;22,86;38,89;40,1;38,92;45,85;36,55;26,13;44,25;33,48;40,94;25,11;43,48;29,49;37,82;36,66;53,54;49,39;56,26;26,46;28,32;61,5;69,29;61,54;85,16;64,84;98,57;49,72;65,3;85,58;72,82;62,09;60,59;63,49;76,77;83,41;72,29;81,36;90,54
Sud;Molise;IS;cap;8;4,5;10;6,91;8;18,5;7;6,98;6,98;6;2;4;4,5;6;5;19,34;12,78;3,5;5,43;5;6,5;5;8;10,98;5;4;7,4;11,5;4;10;2,15;4,16;5,5;5,39;4;9,56;7;4;13;16;4,89;4;12,17;8;5,5;14;2;5,11;3;9,34;8,16;9,25;4;7,17;14,66;9,17
Sud;Molise;IS;NonCap;8,17;15;21,33;25,5;9,57;7,5;15,99;19;10,75;12,01;21,22;16;13,52;7,48;36;27,99;17;16,92;11,25;11,22;10;14,17;12,25;14,5;11,48;11,5;12,67;11,5;18,67;16,93;24,82;11;9;18,75;13,5;27,75;14,38;7,32;24;22,78;11,5;14,32;33;38,25;38,67;32,79;20,99;46,08;25,44;33,69;27,17;23,39;20,54;30,66;21,67;51,28
Sud;Puglia;BA;cap;126,28;220,07;74,53;106,15;78,52;112,33;67,25;60,87;93,43;144,92;74,76;97,04;86,42;58,14;90,34;80,96;106,52;91;81,76;98,18;70,94;78,97;73,63;95,42;69,69;79,1;75,02;159,39;80,88;110,28;110,56;163,36;115,79;126,2;82,89;149,9;68,74;62,5;91,72;124,35;187,95;165,68;135,99;195,77;178,04;242,81;163,7;270,85;130,28;166,95;132,7;224,67;159,06;201,47;194,85;674,04
Sud;Puglia;BA;NonCap;381,77;484,77;404,81;580,32;422,82;409,94;339,2;439,2;375,34;370,91;334,17;395,03;364,05;365,25;287,43;394,89;376,75;381,73;322,36;408,01;411,1;460,41;376,41;475,54;399,14;518,08;408,52;520,36;486,29;522,15;420,31;535,73;472,9;519,85;431,65;561,96;436,31;357;513,19;581,8;579,08;702,21;534,4;787,71;709,03;900,84;635,26;714,31;623,16;656,56;566,71;766,38;625,85;728,88;552,51;924,89
Sud;Puglia;BR;cap;17,02;13,75;9,77;11;20,06;12;12,5;8,72;15;17,5;12;8;6;8,62;2,56;11,25;18;13,08;8,66;3,72;20;19,5;17,5;13,58;10;11,6;6;11,22;8,31;17;8,5;17;18;14,06;11,17;8;11,89;15;18,78;16,58;20,5;18,63;25,53;22,94;30,15;30,78;29;25,5;18,76;38,39;17,37;34,85;16,6;33,31;23,32;37,41
Sud;Puglia;BR;NonCap;60,75;33,27;54,56;57,18;35,66;50,51;58,06;39,72;38,5;19,59;31,56;30,87;25,75;29,38;44,48;44,03;44,69;38;51,93;42,59;43,33;54,8;48,46;52,85;59,99;41,91;46;82,98;51,89;50,67;61,19;82,39;48,62;74,61;57,84;83,09;38,23;36,84;77,71;93,79;66,55;100,67;76,55;114,1;96,91;127,72;97,94;122,75;80,27;93,49;71,18;120,58;98,84;97,48;84,92;110,32
Sud;Puglia;FG;cap;32,02;39,2;34,74;41,2;27,2;30,2;12;24,38;15,5;32,62;20,5;21,15;28,53;29,83;29,81;37,24;23,86;29,67;23,31;28,38;32,41;32,57;16,66;26,83;28,5;28,85;22,73;26,69;35,34;33,15;29,61;45,2;38,65;27,11;30,6;46,04;38,25;25,41;27,09;43,97;35,5;55,97;45,29;73,08;38,8;35,18;38,02;46,62;41,96;41,2;25,56;47,79;36,05;51,89;30,74;57,2
Sud;Puglia;FG;NonCap;78,51;102,13;86,2;137,36;83,34;100,08;88,66;100,37;119,3;93,07;62,29;103,97;91,77;80,03;70,36;111,86;98,55;88,51;85,62;129,7;97,4;122,16;90,8;128,28;80,1;108,11;104,39;128,46;114,44;130,27;89,43;105,24;74,56;121,36;105,63;118,51;80,83;86,63;122,36;152,08;155,73;165,67;159,6;157,43;198,06;157,19;134,37;176,16;157,83;145,36;137,86;207,87;146,95;147,67;154,41;176,83
Sud;Puglia;LE;cap;27,05;13,42;31,12;25,63;16,5;19;18,43;16;12,41;8;13,05;16,5;15,83;16;17,01;18,66;12,11;24;14,41;7,57;20,85;11;15,5;21,93;18,39;15,48;5,8;16,77;13,18;20,5;9,13;16,96;18,11;8,16;23,71;25,39;16,25;18,3;18,62;15,69;20,06;35,28;30;24,67;32,17;18,86;16,2;29,14;27,44;31,46;17,06;40,78;29;19,25;19,5;27,33
Sud;Puglia;LE;NonCap;94,75;90,55;85,45;111,29;72,9;65,51;67,76;88,75;71,12;80,34;56,68;69,39;62,61;83,76;71,13;46,21;78,11;47,24;77,53;88,91;70,01;71,55;75,04;103,83;61,29;78,13;83,24;105,55;77,73;87,71;74,55;121,96;89,02;91,1;93,02;81,61;56,1;58,44;92,89;103,03;95,48;89,13;115,69;134,48;117,49;126,76;112,93;137,79;110,2;128,42;100,05;139,44;140,46;149,1;116,52;138,59
Sud;Puglia;TA;cap;14,3;27,81;19,62;21,35;16,99;20,02;19,15;22,67;26,65;22,68;15;25,82;28,92;17,07;19,68;25,02;12,69;14,03;20,8;22,35;31,87;26,14;13,52;24,81;17,82;25,49;35,97;28,73;28,57;30,56;28,93;28,51;24,15;38,25;32,06;30,2;30,5;21,39;31,46;44,22;38,8;60,32;48,18;42,35;52,03;65,37;67,87;64,66;44,21;55,04;40,02;53,84;35,06;41,54;45,52;54,29
Sud;Puglia;TA;NonCap;65,23;78,42;69,65;79,65;58,26;65,02;46,48;68,95;47,17;46,98;63,25;64,66;62,59;64,79;48,95;63,75;60,5;51,02;62,07;84,43;59,95;55,06;52,19;81,38;73,74;69,07;79,97;70,26;85,09;88,22;74,83;102,86;86,84;75,77;71,2;92,33;62,61;78,47;86,06;131,89;82,71;129,13;107,24;138,01;102,56;119,77;105,1;154,78;105,08;123,63;105,52;142,94;104,74;108,72;96,23;139,36
Isole;Sardegna;CA;cap;37,68;35;41,31;47,34;19,39;27,19;20,23;35,44;25,5;30,01;25,26;30;37,88;45,27;27,67;35,66;36,21;42,83;49,17;56,62;44;40;56,93;45,53;37,11;60,85;45,48;50,08;36,62;59,2;38,37;66,42;53,99;49;38,72;51,35;34,75;36,5;52,87;87,26;51,83;105,52;54,39;55,17;55,74;73,66;64,13;73,59;44,62;49,27;45,49;63,67;72,17;87,37;56,86;108,53
Isole;Sardegna;CA;NonCap;91,54;144,37;79,28;135,25;76,22;83,03;46,38;93,56;66,57;80,35;57;74,08;49,11;69;65,4;69,19;49,09;60;64,42;86,1;63,22;90,34;69,34;87,26;69,85;95,67;89,92;103,7;72,61;79,42;75,98;116,07;115,47;97,39;75,34;102,33;72;60,25;107,78;113,85;101,09;125,15;98,62;108,92;107,22;156,43;106,2;114,45;105,04;112,96;93,07;119,7;113,11;117,44;104,42;140,54
Isole;Sardegna;NU;cap;9;5;5;3;3;5;4;3;3;5;8;7,67;2;5;2;2;3;7;4;4,67;4;5;4,14;4;4;8,38;4;7;3;6;4;3,5;3;3;4,5;5;7;1;3;3,5;6;9;10;7,86;7,17;11,5;9,09;6,05;9;11,16;15,5;10;9,17;9;12;12,1
Isole;Sardegna;NU;NonCap;11;27,5;16,96;26,19;42,5;25,76;15,67;21,5;17,17;12,8;16,93;17,5;14,8;19,2;14,68;20,34;8;14,13;9,01;18,96;17,83;27,64;19,53;23,36;15,44;16,5;13;14,73;16,84;33,3;9;30,87;24,18;24;19,17;23,4;24;15,36;23,83;35,42;18,03;29,92;33,49;38,75;27,5;27,8;28,68;49,17;31,43;31,4;24,71;53,75;29,5;34,75;35,83;29,54
Isole;Sardegna;OR;cap;5,17;4;1;7;4;5;6;4,4;3,33;8,5;5;0,5;2,5;3;5;6;5;7;7;4;2;19;5;4,26;5;4;5;6,67;15,5;4;6;6;11;8;4;4,5;3;7;10;11;6;8;8;8;3;7;7;5;3;13,5;4,5;4,04;5;5;6;2,89
Isole;Sardegna;OR;NonCap;2;4,75;8;4,91;8,26;6;1;8,16;4;5,5;12,31;5;6,34;5,39;6;6;5;4,33;7,75;7,25;13,06;5;5,8;14,05;7,84;9,67;6,14;5,6;8,47;7,5;10;11,5;9,07;9,94;7;10;3;4,67;10,07;12,25;10,75;8,15;11,11;12,83;8,94;15;10,5;16,78;7,08;12,42;7,17;12,37;9;17,16;12,21;10
Isole;Sardegna;SS;cap;31,5;37,77;25;30;25,64;28,8;17,5;32,4;20,66;18;19;25,5;18,25;14,25;18,93;17,5;12,3;21,8;18,87;16,11;16,25;27,75;25,75;28;22;19;17,83;25,35;19,67;31,8;31,5;32,5;23;24,93;19;28,65;16,08;18,84;23,5;27,25;38,26;25,7;28,35;41,19;33,83;43,07;34,65;40,42;34,25;34,69;22,2;37,21;33,08;29,2;38,45;23,38
Isole;Sardegna;SS;NonCap;120,12;104,16;118,48;114,58;88,03;99,99;66,74;95,61;80,42;88,47;58,17;73,15;57,74;61,81;79,24;91,82;56,86;61,25;80,51;71,43;59,04;83,94;80,3;97,31;88,08;69,6;56,5;134,56;82,14;99,55;69,71;138,2;90,92;117,15;84,55;125,52;72,21;69,21;102,66;150,64;110,17;158,26;135,4;166,3;113,97;158,72;129,88;208,54;116,64;178,79;121,08;161,37;134,03;144,82;112,35;152,5
Isole;Sicilia;AG;cap;14;12,78;11,53;12,2;10,12;8;5,67;6,1;6,17;6;21,77;21;10,32;5,4;2;9,5;12;7,5;6,4;7;8,38;8,4;9,88;11;7,14;9;8,86;23,17;8,7;12,64;11,18;7,5;7,33;3,67;9,04;6,83;2,12;5,85;10,37;19,5;10,77;11,32;8,91;17,75;20;14;20,84;18,2;11,33;6;15,65;22,3;17,07;15,41;21,8;15,12
Isole;Sicilia;AG;NonCap;81,46;105,36;120,67;146,24;66,62;68,94;87,34;95,6;55,9;71,41;83,09;88,27;66,96;66,44;74,85;76,54;70,8;65,71;92,27;101,69;91,31;67,93;77,02;106,58;91,16;102,81;92,3;101,07;98,41;116,48;128,11;88,44;88,09;70,63;106,85;105,5;66,23;53,82;100,31;97,93;99,96;103,52;79,12;135,47;109,13;111,53;124,36;143,95;114,57;131,47;117,94;132,03;111,98;105,33;122,27;133,42
Isole;Sicilia;CL;cap;10,48;12,05;14,97;12,99;7,93;14,09;4,67;15;12,42;11,77;17,17;7;12;3,33;3,84;5,3;7,39;8,75;7;12,66;8,17;15,37;6,92;13;4,03;13,72;12,75;12,5;12,51;9,65;6,02;15,5;10,12;17,47;12,82;11,5;2;9,41;17,21;20,12;11,2;16,36;11,73;26,71;21,81;20,97;9,13;16,73;23,27;22,88;11,15;19,4;16,33;19,81;22,6;23,18
Isole;Sicilia;CL;NonCap;23,89;31,31;25,33;41,66;22,36;13,13;29,39;29,85;19,83;20,78;15,69;37,84;24,25;10,83;32,63;23,75;28,05;20,86;18,8;23,35;17,08;21,1;29,77;29;22,83;16,34;24,79;22,52;17,25;29,34;32,28;23,37;29,84;30,42;30,32;33,05;16,65;20,33;29,17;32,9;34,07;33,01;32,16;44,86;38,16;45,53;41,51;44,96;45,78;44,88;41,5;40,8;39,9;38;48,23;51,09
Isole;Sicilia;CT;cap;31,26;29,8;20,5;23,41;25,34;22,23;20,5;48,12;22,33;14,49;17,97;14,75;8,84;20,53;23,41;14,59;16,5;21,54;22,5;24,33;25,92;33,5;33,58;29,75;29,24;39,93;22,42;34,5;31,5;36,83;21,85;31,35;30,34;56,79;30,34;29,39;19,17;29,03;23,75;44,46;34,3;40,31;34,07;54,43;37,17;67,49;39,08;37,92;37;46,36;41,24;58,47;31,57;51,18;32,88;61,35
Isole;Sicilia;CT;NonCap;169,16;178,78;133,19;260,86;99,83;99,64;118,31;143,31;103,58;107,63;115,79;105,77;99,56;102,85;111,79;145,16;106,7;120,8;103,14;130,69;78,83;147,41;121,14;145,55;138,25;120,8;108,82;153,04;131,17;185,23;168,8;164,02;170,35;130,96;144,59;168,67;113,4;112,67;144,36;167,2;160,07;194,24;158,73;209,48;189,26;181,25;170,09;257,19;192,73;217,24;186,36;213,75;207,88;208,43;189,81;199,84
Isole;Sicilia;EN;cap;3,53;8,32;7,08;6,5;7,12;2;3;8,5;3,04;8,5;4;4;8;4,24;6,07;2;3;6,17;11,5;9;3,53;6,06;4,5;3,6;2,66;3,06;2,33;8,6;2;1,2;7,35;6,98;4,83;3;3,33;15,67;2,5;4,06;4;6;5;8,46;8,17;11,25;5;6,84;12,11;15,68;4,5;7;4,5;20,57;9;13,2;14,08;7,99
Isole;Sicilia;EN;NonCap;29,58;35,73;47,41;56,3;30,04;23,83;39,94;36,27;22,5;26,63;32,91;27,86;25,52;30,06;35,16;35,32;30,18;13;35,12;28,68;22,79;43,67;29,47;51,4;37,13;19,96;31,09;43,96;42,28;32,42;43,1;54,94;29,47;23,94;29,45;40,04;20,66;24,17;46,33;34,88;49,3;45,94;52,95;47,17;35,53;50,16;52,89;62,92;34,37;44,33;50,18;60,89;46,94;38,58;44,5;51,81
Isole;Sicilia;ME;cap;80,09;76,65;51,6;49,12;50,59;57,45;32,5;51,58;53,69;57,26;37,9;61,56;58,33;50,78;38,25;58,2;34,64;62,73;47,27;65,82;54,88;54,08;44,13;52,56;64,52;49,12;42,76;66,96;48,05;80,42;50,71;51,37;54,69;56,8;46,66;54,02;52,35;33;58,84;75,1;61,57;77,83;78,17;83,38;91,62;78,2;89,65;88,51;73,74;65,45;60,14;76,63;60,12;69,42;61,6;70,68
Isole;Sicilia;ME;NonCap;122,05;116,67;125,04;172,18;81,15;105,14;96,44;99,73;78,83;108,54;90,71;98,62;99,55;97,05;119,17;98,37;77,96;85,87;92,28;98,78;93,93;97,29;92,77;156,16;86,58;107,99;95,66;128,02;121,06;116,01;128,76;141,06;92,32;117,23;125,12;120,31;67,41;48,33;134,94;131,39;111,78;166,16;161,48;180,65;121,97;186,18;140,45;151,2;140,81;151,32;131,87;175,29;161,69;137,93;153,45;168,79
Isole;Sicilia;PA;cap;83,33;90,88;69,55;112,28;77,02;55,18;44,24;88,51;61,4;47,76;43,15;64,96;57,68;46,43;47,68;52,74;66,5;68,62;47,24;72,4;43,84;63,83;41,39;62,91;64,79;62,17;51,16;89,99;66,5;101,95;67,69;68,05;82,28;74,47;72,59;94,7;77,68;45,55;51,42;92,99;104,1;108,14;85,42;107,1;139,09;118,43;98,18;110,77;107,6;143,16;89,03;84,24;103,23;111,39;86,97;104,76
Isole;Sicilia;PA;NonCap;106,42;130,43;133,47;182,04;106,41;118,64;111,89;159,25;130,63;112,55;110,23;112,79;94,45;123,94;115,5;124,75;117,8;122,07;113,36;130,8;82,1;116,7;129,74;125,13;115,77;108,71;119,07;150,6;112,52;134,72;116,35;146,52;118,48;132,53;130,68;167,8;126,35;85,24;126,47;135,76;164,47;151,36;191,14;213,71;160,3;168,91;180,85;204,22;194,81;141,71;122,61;192,64;166,73;204,46;172,09;200,52
Isole;Sicilia;RG;cap;15,04;18,92;13,98;14,11;4,05;10,94;5,6;9;16,07;9,34;5,06;18,75;3,5;14;10;5;6;11,6;18,17;7,87;9,45;12;11,81;18,25;18,27;21,07;7,88;14;19,17;14,26;8,68;18;12;13,17;12,84;15,53;16,87;11,72;12,11;35,73;24,42;24,34;24,71;35,97;27,46;35,44;22,53;29,63;30,96;24,93;20,12;30,08;23,54;28,64;29,04;31,49
Isole;Sicilia;RG;NonCap;20,03;61,45;37,38;44,02;27,97;31,51;19,51;25,34;20,33;20,5;22,65;33,5;23,21;32,02;12,57;33,63;19,62;26,83;23,6;33,97;28,75;40,44;18,39;57,43;31,11;30,15;32,09;45,66;38,05;34;37,63;38,08;47,49;51,4;38,57;48,88;30,77;22,59;44,84;39,43;52,01;72,3;51,21;65,33;77,49;90,69;76,27;64,12;53,3;67,57;54,77;81,45;45,17;62,73;48,9;76,64
Isole;Sicilia;SR;cap;10,59;6;1,92;16;8,08;8;6;10,4;4,5;11,66;10,5;9;2,5;11;5,88;16,72;11,64;15,5;9,5;8,49;18,05;12,76;8,33;7,66;13,01;17,53;14,33;16,83;10,38;12,68;10;13;10,4;18,88;9;20,36;9,85;7,71;12,68;9,25;13,59;8,52;10,96;15,5;15,17;14,56;7;15;15,98;13,38;8;18;15,27;22,61;18,19;33,38
Isole;Sicilia;SR;NonCap;32,44;47,89;27,5;61,21;22,92;17,05;22,61;22,18;20;39,55;16,91;34,86;27,84;41,08;30,22;30,91;22,53;31,95;30,74;42,78;31,33;31,69;33,5;51,21;54,34;42,96;42,57;40,65;42,4;54,12;40,28;50,85;57,33;32,77;48,25;45,61;24,47;28,41;58,01;63,94;41,03;69,03;48,42;53,28;43,17;46,58;50,04;53,24;53,03;72,41;60,26;44,79;40,84;48,86;58;55,89
Isole;Sicilia;TP;cap;13,67;9,53;5,84;19,34;9,06;5,5;8,61;7,44;8,97;11;8,25;6,67;12,9;7,5;8,53;10,58;5;5,5;8,61;7,91;4,57;5,5;5,75;8,5;12;7;4;6,33;11;4,32;2,13;4,04;5,5;6,28;6;11,33;7;8,34;8,86;8,33;13,17;7,17;10;11,33;20,5;11,37;21,5;20,75;15,62;16,87;10,53;15;20,47;17,31;18;15,81
Isole;Sicilia;TP;NonCap;57,88;69,01;63,1;110,79;47,29;43,03;38,63;51,75;43,18;56,79;42,62;63,98;43,89;46,27;50,74;58,48;60,58;67,87;49,86;55,04;59,94;48,09;42,23;69,21;64,27;63,03;65,07;88,13;69,6;64,1;57,1;67,56;77,56;54,57;61,01;73,92;51,75;46,87;62,92;66,55;77,18;79,06;87,83;88,12;90,75;100,13;92,24;108,87;82,58;81,96;69,45;101,82;97,08;97,82;89,66;91,81
