Area;Regione;Prov;Cap;<= 50_2023_1_NTN;50 -| 85_2023_1_NTN;85 -| 115_2023_1_NTN;115 -| 145_2023_1_NTN;> 145_2023_1_NTN;<= 50_2023_2_NTN;50 -| 85_2023_2_NTN;85 -| 115_2023_2_NTN;115 -| 145_2023_2_NTN;> 145_2023_2_NTN;<= 50_2023_3_NTN;50 -| 85_2023_3_NTN;85 -| 115_2023_3_NTN;115 -| 145_2023_3_NTN;> 145_2023_3_NTN;<= 50_2023_4_NTN;50 -| 85_2023_4_NTN;85 -| 115_2023_4_NTN;115 -| 145_2023_4_NTN;> 145_2023_4_NTN;<= 50_2024_1_NTN;50 -| 85_2024_1_NTN;85 -| 115_2024_1_NTN;115 -| 145_2024_1_NTN;> 145_2024_1_NTN;<= 50_2024_2_NTN;50 -| 85_2024_2_NTN;85 -| 115_2024_2_NTN;115 -| 145_2024_2_NTN;> 145_2024_2_NTN;<= 50_2024_3_NTN;50 -| 85_2024_3_NTN;85 -| 115_2024_3_NTN;115 -| 145_2024_3_NTN;> 145_2024_3_NTN;<= 50_2024_4_NTN;50 -| 85_2024_4_NTN;85 -| 115_2024_4_NTN;115 -| 145_2024_4_NTN;> 145_2024_4_NTN
Nord Ovest;Liguria;GE;cap;180,5;845,13;656;228,66;129,4;152,41;985,86;721,83;240,86;154,8;148,32;784,34;627,85;221,87;147,94;159,13;979,43;724,98;258,07;164,86;128,18;822,67;621,7;213,86;116,89;155,39;964,4;766,42;310,94;142,67;170,75;827,17;634,75;265,93;160,38;187,21;1020,96;788,11;287,56;204,68
Nord Ovest;Liguria;GE;NonCap;124,14;397,71;275,08;132,94;102,25;125,55;453,57;286,89;135,91;105,69;89,62;361,74;255,3;116,2;104,29;149,97;469,26;356,92;161,83;122,82;110,67;367,3;257,28;90,86;86,49;139,58;482,69;318,5;119,34;122,1;95,32;355,02;258,96;118,16;83,56;147,19;516,03;360,15;145,25;125,46
Nord Ovest;Liguria;IM;cap;10;53,33;28,25;15;8;14,84;44,5;36,67;22,5;16;14,5;41,5;37;27,5;12;32,5;73,5;44,83;21;14;11,66;49,97;31,3;18,5;8;21,5;39,67;41;9,83;9;27,17;33,5;35,67;15,33;14;24,25;64,15;50,4;20,83;12
Nord Ovest;Liguria;IM;NonCap;233,17;412,29;178,31;72,3;76,67;307,34;425,49;187,44;88,33;87,42;228,89;355,65;151,57;67,75;57,54;272,37;428,3;169,02;87,74;73,2;235,12;335,84;151,61;68,83;62,84;253,67;416,54;171,83;61,34;67,51;215,9;361,85;143,09;66;69,43;254,77;441,04;222,08;83,02;71,52
Nord Ovest;Liguria;SP;cap;33,71;148,5;95,61;46,99;18,5;34,63;167,66;106,08;53,69;27,5;30,16;127,05;107,85;29;19,67;37,2;147,55;105,8;34,05;20;34,28;124,34;92,92;37;13;40,72;149,1;118,69;41;18,84;23,69;116,3;87,64;29,67;20,5;28,28;159,16;91,27;37,84;17,25
Nord Ovest;Liguria;SP;NonCap;59,31;155,42;107,08;51,83;65,9;60,8;163,02;127,55;47,13;60,99;45,35;145,11;95,39;71,26;54,57;72,25;157,57;125,8;60,26;70,17;62,38;142,67;112,05;60,11;54,85;55;165,85;116,63;67,82;75,5;54,42;124,66;106,06;58,42;56,26;74;189,25;135,87;56,11;67,34
Nord Ovest;Liguria;SV;cap;11,01;71,2;53,33;26,53;9;21,69;97,1;56,55;24,17;7;19,51;61,95;58,16;21,5;19,49;17,01;86,8;64,37;29,78;13,5;13,08;60,42;52,56;19,37;10,5;12,26;95,01;58,69;26,42;10,38;16,02;84,56;61;28,67;18,5;18,5;115,67;78,62;30,17;16,34
Nord Ovest;Liguria;SV;NonCap;224,92;487,75;239,37;87,25;85,87;286,03;659,33;256,03;102,5;97,21;191,68;426,23;205,33;113,97;86,22;285,14;563,12;286,55;104,21;110,36;178,44;446,27;210,35;76,5;95,28;276,7;590,7;293,28;109,38;84,74;214,7;489,89;238,43;81,17;76,65;244,41;603,47;334,43;101,16;107,9
Nord Ovest;Lombardia;BG;cap;58,13;166,74;163,75;71;63,25;49,77;156,49;174,4;70,5;80,47;46,4;123,8;128,55;67;73,5;52,36;181,77;154,03;79,11;82,23;50,21;143,82;114,09;88,5;48,05;45,53;165,99;197,27;113,02;70,32;41,02;149,93;147,66;71,67;61,34;61,94;262;215,57;106,73;103,11
Nord Ovest;Lombardia;BG;NonCap;285,98;1002,68;1004,01;558,74;517,61;306,2;1074,67;1062,18;577,13;580,15;264,05;918,42;932,49;562,73;506,61;356,35;1278,97;1235,45;684,28;659,96;283,32;996,19;918,47;495,61;439,84;301,39;1180,59;1206,34;600,77;623,52;229,61;985,48;970,8;559,23;542,81;406,47;1459,89;1340,39;790,67;776,08
Nord Ovest;Lombardia;BS;cap;62,86;229,66;213,53;108,45;89,22;45,51;208,04;224,53;123,56;118,41;32;181,76;210,2;96,67;93,61;62,19;274,05;232,31;134,1;137,41;60,35;237,32;225,56;106,95;97,06;67,53;229,05;235,83;118,92;78,87;46,42;205,75;218,5;96,25;104,78;74,55;270;239;127,58;124,57
Nord Ovest;Lombardia;BS;NonCap;276,75;930,37;795,82;519,65;695,42;288,72;1037;943,98;537,26;769,22;220,89;925,79;820,25;507,2;705,77;306,25;1167,47;994,92;597,66;913;245,18;925,89;776,2;468,28;651,86;288,95;1019,35;919;555,48;804,83;241,83;898,86;826,96;508,84;719,98;336,71;1239,63;1100,8;652,35;998,76
Nord Ovest;Lombardia;CO;cap;42,75;110,33;97,52;38,75;41,03;28,61;124,2;87,96;32,84;46,82;41,1;107,07;91,51;38,67;40,5;44,65;167,75;127,49;43,14;53,09;49,16;141,8;88,25;44,56;60,5;36,48;113,93;114,45;46;53,5;29,02;115,31;89,63;23,5;44,33;36,04;122,88;115,05;36,75;46,33
Nord Ovest;Lombardia;CO;NonCap;143,72;587,11;472,8;247,92;298,27;170,93;627,71;529,04;312,92;372,57;131,92;523,69;453,98;233,45;313,35;149,31;619,18;538,1;317,85;407,06;164,56;546,59;460,88;201,7;234,89;150,92;596,93;521,67;307,21;316,03;122,9;521,45;520,24;266,5;313,16;179,44;764,82;641,44;335,27;389,64
Nord Ovest;Lombardia;CR;cap;19;80,5;71,75;32,83;26,01;14,5;114,67;80,94;42,25;43,1;16;74,7;72,67;31;40,17;20,03;115,83;81;40,05;53,71;7;66,7;78;22,95;19,29;30,67;88,42;98,5;41,03;29,17;15,5;81,04;82,75;34,17;40,5;16;128,71;93,83;38,85;43,88
Nord Ovest;Lombardia;CR;NonCap;37,67;166,26;222,67;119,93;222,44;36,34;196,42;247,1;165,59;263,75;32,36;176,42;211,52;138,34;214,63;56,5;240,86;258,21;200,59;274,51;45,83;183,99;179,36;127,49;221,45;53;223,77;261,28;182,43;298,47;33,17;187,34;191,02;148,83;221,18;81;245,04;292,48;194,76;335,34
Nord Ovest;Lombardia;LC;cap;10,05;47,72;48,17;18,84;25,5;13,02;40,03;53,16;11,25;27,56;9;53,32;42,5;22;17;19,1;88,57;63,17;35;21,17;16,18;44,9;35,92;16;20,67;18,25;56,44;55,25;15,75;21,5;13,5;54,89;41,08;14,53;9;19,5;80,56;68;37,83;24,8
Nord Ovest;Lombardia;LC;NonCap;83,81;331,02;255,78;118,34;141,99;70,64;318,78;275,04;131,23;159,06;79,63;278,14;247,73;124,82;152,35;98,64;383,25;349,76;166,52;175,3;65,87;321,49;265,02;109,58;127,58;98,82;349,34;340,72;157,8;143,7;77,99;253,77;256,26;108,39;133,46;96,94;355,35;316,78;154,84;185,52
Nord Ovest;Lombardia;LO;cap;21;60;61,93;19,57;22;18;85,5;65,5;19;22;13;51,46;56,26;14,19;18,52;36;86,08;55,25;18,99;9,5;17;67;37,5;20;13,25;38;66,58;66,5;18,5;19;16,91;61;52,63;22;13,49;21,67;70,92;52,25;19,06;21
Nord Ovest;Lombardia;LO;NonCap;37,5;189,66;193,6;88,23;90,22;32;237,12;230,3;112;92,5;34;191,09;178,37;70,83;75,33;41;284,47;264,38;109,84;90,01;32,5;203,59;170,18;59,89;79;39,67;218,83;211;109,89;103,3;23;187,58;200,33;75,6;93,84;44,3;273,3;229,75;122,15;113,66
Nord Ovest;Lombardia;MI;cap;1334,46;2534,63;1218,1;479;357,66;1423,37;2905,43;1289,66;517,18;439,06;1056,21;2311,51;1143,18;429,03;385,11;1428,64;3077,65;1463,78;560,65;493,6;1110,87;2233,53;989,12;451,55;361,33;1389,67;2606,44;1200,45;504,61;391,17;1138,41;2164,54;1011,9;428,61;326,27;1628,17;3346,05;1518,67;648,28;553,26
Nord Ovest;Lombardia;MI;NonCap;919,72;3998,12;2787,53;1052,64;968,09;997,55;4474,49;3266,99;1344,24;1135,28;760,11;3632,6;2675,18;1138,52;886,58;1095,45;4702,25;3490,8;1476,84;1225,66;877,21;3694,13;2398,73;997,53;814,59;1009,65;4623,17;3291,13;1310,91;1096,11;762,64;3686,03;2786,17;1165,74;903,76;1105;4915,21;3764,08;1630;1296,18
Nord Ovest;Lombardia;MN;cap;13,5;63,5;53,7;30,5;22,5;10,3;77,3;74,16;53,05;25,47;9;48,41;71,2;22,5;16;11;54,5;80;51;27,75;12,28;44,95;85,84;31,65;21;17;76,23;81;31,5;42,23;12;54,36;54;27,66;35,2;12,5;67,92;101,81;35;41,5
Nord Ovest;Lombardia;MN;NonCap;25,12;198,46;196,44;155,45;315,23;30;257,15;252,97;197,9;340,58;23,5;181,83;268,78;196,39;392,59;36,5;233,62;310,99;220,32;427,01;22,5;196,78;233,28;168,35;323,58;32,5;249,25;279,63;177,79;352,44;24,23;209;234,96;157,95;373,65;24,34;241,5;289,53;195,29;470,4
Nord Ovest;Lombardia;PV;cap;44,32;109,54;69,39;35,5;19;50,76;120,36;66,25;26,17;31,93;26,61;98,05;55,25;25,1;19,34;63,07;138,16;69,67;30;28,75;37,85;94,59;44,77;19,92;10;50,07;112,17;90,5;31,05;25,08;38,5;93,56;76,78;34,75;28;51,88;171,59;75,1;40;35,17
Nord Ovest;Lombardia;PV;NonCap;91,19;561,66;430,38;247,35;344,41;78,62;598,82;478,64;276,09;387,73;55,08;475,39;424,11;245,13;323,92;98;631,48;572,81;324,22;436,73;77,05;567,4;459,51;239,52;338,3;76,05;624,48;488,18;310,62;421,92;81,19;465,84;405,21;247,33;365,66;105,49;666,31;619,68;323,95;478,98
Nord Ovest;Lombardia;SO;cap;13;23,39;26;9;7;10,08;18,03;20;13,75;6,5;18;15,83;19,5;13,75;4,05;16,56;32,42;34;11;9;6;22,36;17,5;6;3,08;14;17;18,16;5,9;5,75;10;19,5;29;7,33;7,33;26,63;55,51;44,5;14,33;8,78
Nord Ovest;Lombardia;SO;NonCap;114,94;217,99;109,27;60,18;42,08;116,88;233,64;124,93;54,97;63,11;116,17;190,09;99,01;45,42;36,73;139,91;296,01;157,89;75,18;71,44;118,19;171,37;98,63;54,19;34,13;150,03;179,53;108,97;66,79;58;91,65;211,88;112,79;55,71;53,74;166,22;296,16;162,8;81,02;64,8
Nord Ovest;Lombardia;VA;cap;24,86;89,17;96,59;29,23;38,34;21,87;81,05;85,43;37,58;48,17;17,68;88,45;57,86;43;46,1;34,09;135,03;119,28;38,43;66,62;20,08;93,12;95,28;44,31;32,58;26,11;102,86;106,41;41,67;62,35;23,48;77,83;78,33;30,5;38;26,55;111,75;88,51;42;44,66
Nord Ovest;Lombardia;VA;NonCap;204,59;943,4;764,37;416,14;540,47;206,3;922,46;848,3;464,11;531,73;171,47;964,46;778,86;366,77;492,97;237,62;1105,83;942,08;494,26;622,24;182,8;847,69;673,85;338,11;445,27;227,8;1006,15;911,77;464,87;590,49;173,12;899,47;751,26;394,15;476,17;244,41;1111,81;885;482,75;665,57
Nord Ovest;Piemonte;AL;cap;24,55;88,83;73;51,83;66,55;31,38;122,16;108,22;45,26;55,11;26,02;150,47;115,67;51,5;49,5;43,04;141,33;122,25;31,5;67,42;31;107,89;86,67;36;46,33;31,23;119,82;96,58;40,5;68,5;17;116,17;88,4;54,17;50,07;34,19;125,98;117,57;54,5;54,44
Nord Ovest;Piemonte;AL;NonCap;48,75;258,85;271,16;145,48;316,83;69,95;302,26;299,46;165,83;357,93;51,18;249,77;258,6;161,11;314,76;80,07;369,62;329,83;195,13;402,25;47,4;251,53;291,81;155,62;337,13;57,98;293,59;308,77;188,06;379,59;47,09;251,68;285,26;139,78;316,7;73,98;335,76;339,03;198,73;425,24
Nord Ovest;Piemonte;AT;cap;23;74,5;62,5;22,67;41,53;19,5;84,51;75;23,67;43,17;18;66;48,47;24,5;28,79;30;91;79,09;28,5;29,42;21;99,15;70,8;33,5;28,75;17,28;111,67;70,39;29;48;24;69,67;60,4;31;43;20;116,1;73,72;31,53;45,98
Nord Ovest;Piemonte;AT;NonCap;19,5;62,25;83,05;57,94;236,16;10,83;62,56;81,72;58,76;230,5;10;67,69;77,1;33,05;187,31;16,58;76,5;80,94;79,84;220,68;21,5;72,35;69,4;49,94;163,72;15,92;74,63;72,88;66,58;207,13;18;72,67;78,67;48,97;223,56;14,67;96,67;111,25;70,54;261,45
Nord Ovest;Piemonte;BI;cap;19,7;51;49,83;17;34,84;11,27;65,44;52,5;31;35,57;10;57,5;41,86;23,72;30,67;10,5;73,92;50;26,67;31,34;21,04;48,93;68,67;21,67;30,91;13,89;69,5;56,33;29,75;33,17;12,01;64,02;40,39;21;26,67;30,06;100,81;61,38;22;38,25
Nord Ovest;Piemonte;BI;NonCap;26;98,85;115,33;70,6;128,76;18;87,33;99,75;63,3;141,17;20,79;69,42;85,67;63,53;132,25;27,34;95,47;123,97;103,59;181,24;22,03;96,5;104,42;68,17;140,5;31;103,66;122,59;67,67;147,62;16;100,84;109,7;55,17;135,33;24,01;134,62;158,07;76,97;185,67
Nord Ovest;Piemonte;CN;cap;10;50,02;43;34,83;26,58;9;44;48,01;31,53;23,52;4;37,5;40,29;20,17;17,67;12;47,7;64,17;41,5;32,8;6,5;38,02;48,14;28,5;14;10,16;46,99;62,78;34,75;35,49;9,54;76,52;68,4;34;34,5;23,06;79,99;83,84;42;49,65
Nord Ovest;Piemonte;CN;NonCap;183,85;460,79;413,64;246,4;399,45;240,69;524,82;433,48;269,39;473,89;158,48;411,24;428,32;201,13;415,46;308,81;555,03;532,2;328,35;522,07;160,1;387,81;348,16;206,49;353,14;193,24;491,13;418,7;281,54;435,24;168,37;412,12;412,46;239,88;414,27;273,79;619,65;548,87;331,01;507,99
Nord Ovest;Piemonte;NO;cap;23,5;138,72;116,99;65,3;45,67;72,09;142,67;122,09;63,5;58,03;11;104,09;105,57;43;38;29;159,5;133;65,02;53;17,9;100,83;94,75;38,5;31;33,78;139,5;141,12;70,27;51,25;16,08;110,06;99,99;50,25;39,3;37,5;158,8;157,6;59,25;52,22
Nord Ovest;Piemonte;NO;NonCap;39,8;212,79;246,19;144,8;218,55;48,33;234,37;296,71;160,31;222,97;40,88;186,77;234,75;123,45;215,37;60,87;245,67;270,59;179,48;273,53;46,5;195,75;230,49;142,67;217,54;37,33;230,46;261,72;146,03;263,69;42,48;208,77;233,56;134,89;197,21;57,2;247,98;291,08;180,18;267,67
Nord Ovest;Piemonte;TO;cap;554,15;1707,99;828,37;255,01;209,8;599,53;1968,96;901,14;266,27;230,5;462,39;1524,8;691,75;246,34;223,76;635,95;2054,11;909,68;366,99;249,05;541,97;1549,28;660,36;252,01;189,07;555,87;1902,28;866,63;311,62;250,02;483,45;1678,33;786,21;285,41;218,33;714,49;2186,9;1005,25;421,29;260,92
Nord Ovest;Piemonte;TO;NonCap;314,92;1485,18;1149,25;619,27;914,59;374,58;1628,98;1340,9;656,67;984,72;288,76;1376,91;1056,04;555,64;809,47;659,99;1831,95;1478,35;721,7;1097,87;332,98;1372,76;1114,46;502,03;689,45;429,85;1650,22;1454,14;630,61;1031,23;332,63;1392,97;1183,99;563,68;871,86;468,27;2001,33;1648,05;712,11;1108,37
Nord Ovest;Piemonte;VB;cap;3,02;47,92;30,84;14,3;16,5;11;36,25;37,83;10,98;18,17;13;50,5;27,67;15,67;10;11;46,25;31,01;18,5;13,67;5;44;25,34;18,59;8,67;4,03;26,3;24,99;16,17;12;7,17;33,17;28,34;16,67;16;9;61;57,84;30,5;21
Nord Ovest;Piemonte;VB;NonCap;51,24;139,45;131;79,22;88,12;67,22;196,95;143,38;70,41;102,07;34,01;151,83;113,82;65,22;74,13;68,93;199,83;149,25;84,42;104,41;42,32;148,64;122,72;58,41;82,78;54,51;170,94;136,27;61,56;82,12;40,78;127,95;124,71;63,34;87,78;81,88;202,15;155,68;88,64;110,97
Nord Ovest;Piemonte;VC;cap;5,07;80,75;57,5;14,5;23,75;12;61,5;42,5;24;24,1;9,08;55,5;40;23;27,9;13;90,11;69,5;29;25;15,41;57,83;49,5;20;17;16;77,5;56,67;24,5;25,5;7,11;46,72;32;16,33;20,5;17;63,17;44;33;19,68
Nord Ovest;Piemonte;VC;NonCap;26,16;85,92;84,72;63,1;111,18;18,46;77,62;108,92;55,83;111,61;13;95,5;67,47;48,84;118,91;40,5;115,3;94,57;66,67;162,83;25;70,84;95,33;54,08;113,59;33,86;95,66;105,51;70,83;137,16;34,72;131,87;85,67;57,44;125,52;43,35;142,93;153,01;78;153,69
Nord Ovest;Valle d'Aosta;AO;cap;7,74;44,41;24,34;3,52;8,5;13;42,3;26,83;16;10;4,75;41,04;26,67;9,5;8,5;6,5;42,83;34,75;8;7;9;36,75;22,25;13;6;9,67;53;35,33;14,5;10;9;36,17;21,58;20;8,5;6,5;44,17;38;11,67;4,5
Nord Ovest;Valle d'Aosta;AO;NonCap;124,01;152,47;84,77;38,17;40,57;132,77;207,85;89,11;42,11;42,34;68,33;143,93;66,06;38,92;36;109,18;195,16;114,03;59,99;44,22;93,02;141,83;62,66;41,23;26,17;135,64;193,74;101,66;35;31,68;84,84;145,63;95,17;22,5;35,78;115,96;214,43;128,54;42,79;58,5
Nord Est;Emilia-Romagna;BO;cap;166,94;566,46;328,65;115,02;86,63;215,74;683,12;407,56;145,95;91,1;167,02;550,79;398,72;136,04;86,09;246,55;672;382,76;131,44;123,2;193,95;531,64;338,59;103,09;73,75;185,96;626,67;427,62;160,82;103,34;193,27;588,01;368,24;130,97;73,72;234,09;721,93;447,23;181,13;104,06
Nord Est;Emilia-Romagna;BO;NonCap;122,3;691,08;614,91;276,87;303,29;132,67;765,27;728,61;287,55;368,64;82,7;649,01;662,65;284,8;307,09;150,64;878,3;833,66;381,41;420,31;109,63;614,57;525,45;199,41;282;156,5;790,89;740,3;323,4;354,75;91,47;658,03;726,15;284,09;329,83;158,41;870,92;833;426,37;503,21
Nord Est;Emilia-Romagna;FE;cap;40,24;162,15;136,97;61,09;57,08;31,14;174,21;149,24;74,96;58,75;45,05;155,33;132,33;67,68;93;43,23;193,72;150,03;79,63;115,41;21,52;133,97;128,37;53,04;60,82;34,22;163,52;174,67;98,34;84,98;33,89;157,92;132,94;70,74;88,24;35,5;189,43;168,12;74,25;106,14
Nord Est;Emilia-Romagna;FE;NonCap;124,78;310,48;177,93;115,73;146,15;143,76;378,07;244,15;134,56;146,41;90,17;239,34;215,13;112,1;150,59;130,33;343,04;272,27;149,5;223,49;117,56;274,93;202,37;99,83;132,15;151,74;363,63;218,92;133,56;175,91;99,09;242,9;199,38;111,5;171,99;135,11;365,24;239,15;152,79;208,23
Nord Est;Emilia-Romagna;FO;cap;30,25;112,23;119,59;63,17;66,62;29,12;100,52;100,34;56,69;67,74;22,5;91,06;87,9;63,25;46,83;39,5;106,55;124,73;77,85;55,55;17,36;81,65;93,02;44,77;48,02;20,56;97,59;107,45;77,69;55,02;22;87,83;101;84,02;62,16;29,11;121,93;149,88;72,17;72,06
Nord Est;Emilia-Romagna;FO;NonCap;75,91;184,98;201,94;120,64;149,52;66,52;201,64;181,29;135,34;132,81;58,74;185,72;185,32;116,44;153,9;75,3;240,81;260,32;178,08;190,54;49,39;189,06;164,99;95,31;138,07;78,36;241,59;210,12;136,56;167,22;66,5;211,56;194,69;115,04;161,32;72,63;308,06;250,46;179,46;207,79
Nord Est;Emilia-Romagna;MO;cap;56,17;170,98;179,87;72,09;70,16;38,07;158,11;207,56;103,08;76,91;43,11;139,77;174,5;67,1;97,16;46,58;185,77;226,45;119,94;112,13;52,24;136,25;158,07;63,84;67,6;45,92;216,86;184,68;115,68;80,92;48,75;131,94;139,48;73,09;64,82;54,5;183,92;220,98;122;106,67
Nord Est;Emilia-Romagna;MO;NonCap;77,34;482,18;522,64;252,85;283,35;93,87;528,01;549,92;309,98;318,84;64,5;457,69;502,66;279,91;298,3;144,5;639,25;650,2;379,58;393,75;89,17;537,99;524,6;284,99;297,13;111,26;595,52;611,29;329,44;352,41;74,62;473,56;557,1;263,15;283,52;122,8;689,24;820,3;433,54;461,79
Nord Est;Emilia-Romagna;PC;cap;36,39;114,1;129,59;52,83;28,61;38;144,75;163,67;61,17;44,01;22,14;107,67;110,34;54,18;57,23;35,33;138,93;126,73;63;50,39;20,65;113,8;103,58;50,2;39,5;26,5;142,66;130;85,5;44,33;21,5;111,92;104;55;50,67;37,15;115,67;156,71;74,72;65,08
Nord Est;Emilia-Romagna;PC;NonCap;24,66;166,07;187,43;110,63;179,22;31,83;178,21;203,68;137;219,35;29,83;112,5;162,71;115,68;188,63;43,22;185,9;273,5;164,82;268,23;24,17;121,18;146,86;117,33;150,13;16,33;138,85;207,43;119,88;235,36;20,18;90,5;163,07;104,27;183,19;81,75;192,91;241,8;151,1;257,04
Nord Est;Emilia-Romagna;PR;cap;76,13;203,75;197,87;84,67;68,35;89;263,57;250,14;101,63;73,2;75,28;235,37;222;93,36;84,66;161,06;307,32;276,02;99,63;75,23;69,07;196,71;179,43;67,35;57;88,35;280,55;250,93;92,25;68,83;60,59;193,35;211,81;64,59;64,67;142,18;374,99;310,06;155,92;109,69
Nord Est;Emilia-Romagna;PR;NonCap;47,01;203,87;231,75;112,08;169,37;34,33;257,27;293,8;169,96;220,98;43,83;279,12;318,99;162,81;211,56;56,45;304,69;325,96;171,23;297,65;47,95;216,82;200,95;105,34;178,59;54,5;217,39;287,38;170,64;212,63;37,01;198,16;242,3;142,77;214,62;71,33;282,84;313,86;174,09;316,35
Nord Est;Emilia-Romagna;RA;cap;90,53;273,66;168,42;85,89;87,02;89,76;277,83;168,24;75,68;113,31;84,17;221,44;110,12;59,62;77,95;72;331,87;151,61;64,22;114,69;59,87;229,25;116,12;69,5;78,47;83,43;310,47;159,86;74,33;109,92;54,94;233,39;121,68;60,2;94,54;98,71;364,96;207,76;113,62;145,69
Nord Est;Emilia-Romagna;RA;NonCap;41;240,82;176,7;119,17;179,4;38,91;252,41;181,45;113,04;189,08;29,4;174,37;155,98;89,4;157,14;58,99;336,8;241,55;126,26;230,96;40,46;230,47;160,21;66,76;159,44;48,48;274,89;209,41;124,05;195,86;49;195,55;181,17;105,59;167,16;50,17;246,71;273,06;129,73;241,3
Nord Est;Emilia-Romagna;RE;cap;53;199,3;173,35;69,95;83,74;54,1;206,54;216,05;72,87;74,09;42;134,5;203,33;82,39;75,19;45,85;206,13;205,67;109,39;98,67;50,94;163,27;187,64;67,11;65,7;55;198,67;219,91;80,21;88,63;40,78;173,48;170,35;69,74;82,63;36,52;233,22;246,3;91,5;87,24
Nord Est;Emilia-Romagna;RE;NonCap;44,55;272,71;279,97;161,33;258,39;50,76;307,72;349,77;136,15;283,37;41,25;249,29;321,69;152,08;262,65;49,38;283,71;349,92;203,29;333,2;49;230,7;286,1;147,76;238,96;42,5;290,78;309,87;184,02;316,33;45,33;229,97;266,43;153,07;289,79;52,93;351,77;375,81;259,53;358,08
Nord Est;Emilia-Romagna;RN;cap;27,26;124,79;143,36;32,19;34,58;61,37;137,88;104,66;56,28;53,69;32,89;128,69;111,32;51,67;37,9;68,01;186,27;156,43;75,64;48,84;56;141,79;103,74;54,54;37,17;56,72;155,55;131,18;52,05;40,19;43,56;159,4;138,85;41,33;30,17;59,4;246,56;267,61;99,05;75,5
Nord Est;Emilia-Romagna;RN;NonCap;58,57;184,15;125,74;74,04;91,71;38,05;216,03;141,97;68,88;86,33;44,66;187,19;120,86;68,78;90,05;38,71;244,61;188,96;99,2;119,61;41,67;170,87;129,57;74,49;76,13;66,93;232,33;154,7;81,18;88,65;44,86;177,37;113,58;59,34;62,9;69,26;279,75;220,25;114,42;125,6
Nord Est;Friuli- Venezia Giulia;PN;cap;22;28,33;45,01;32,67;35,02;17;41,52;74,5;37,5;44,5;15;38,95;65,13;41,17;19,46;16,5;60,33;65,51;39,59;27,83;16,67;41;36,97;21,88;27,16;18,11;47;48,53;37,29;26,83;17;37,01;62,75;15,34;28;29;93,5;103,5;68,56;42,97
Nord Est;Friuli- Venezia Giulia;PN;NonCap;28;118,16;133,2;98,42;209,44;19,43;119,84;173,71;111,85;240,39;17;120,83;123,84;118,84;217,58;35;155,17;189,32;163,25;281,42;30,83;110,5;128,17;122,06;204,66;21,17;130,67;163,08;118,05;280,06;33,17;98,67;136,18;100,07;277,67;60,61;168,3;207,34;172,01;321,94
Nord Est;Friuli- Venezia Giulia;UD;cap;31;126,17;98,5;62,12;51,08;33,95;106,74;122;61,17;80,59;14;80,52;104,92;70,26;83;24,5;105,5;141,13;90,21;104,5;27,17;77,02;88,85;52,26;53,81;34;107,15;114,34;84,22;73,22;22,04;85,69;103,28;68,34;78,75;15,09;121,42;143,71;87,85;105,91
Nord Est;Friuli- Venezia Giulia;UD;NonCap;111,58;240,54;215,67;173,31;297,66;87,9;231,86;243,32;201,36;406,69;67,88;224,57;208,93;189,63;356,78;94,81;272,34;296,85;195,31;475,87;104,5;201,75;208,8;141,84;349,92;116,03;261,57;256,2;193,71;405,98;70,64;226,65;263,63;177,51;464,21;120,72;320,09;350,52;253,27;513,81
Nord Est;Veneto;BL;cap;10,5;24,79;20;23;27,17;7,09;25,08;26,88;15,93;18,92;11,56;23,19;33,14;13,53;21,5;10,84;30,01;31,75;17,83;33,63;6;22,16;11,5;25,27;17,58;5;17,65;26,47;27,5;29,8;9;22;43,5;33,17;17,5;13,8;33,47;43,01;26,01;26,13
Nord Est;Veneto;BL;NonCap;65,35;170,86;124,47;80,28;118,72;70,15;179,41;163,02;108,08;135,67;69,14;145,58;141,26;87,77;125,55;76,83;207,76;172,44;124,72;167,83;51,61;138,74;121,43;91,59;107,31;68,81;162,09;136,33;91,42;156,74;56,38;166,51;151,74;89,67;120,38;81,72;220,82;181,36;113,33;157,56
Nord Est;Veneto;PD;cap;62,41;174,12;227,75;136,8;122,01;88,24;166,29;278,7;189,05;158,44;67,93;127,08;243,67;186,3;125,9;93,2;187,65;303,96;181,57;188,16;78,16;159,35;238,74;159,26;145,01;79,68;192,68;286,99;195,83;173,53;67,73;159,39;236,22;157,45;169,88;95,27;203,45;368,52;235,25;200,25
Nord Est;Veneto;PD;NonCap;53,33;389,37;439;377,53;577,21;38,61;447,48;491,38;412,56;710,8;49,56;392,8;458,89;417,03;626,54;56,42;481,87;604,18;503,73;790,12;38,02;330,47;408,27;313,03;560,24;39,4;419,09;507,04;397,86;674,94;32,58;337,19;460,67;364,27;615,55;43,96;488,89;623,38;535,6;840,71
Nord Est;Veneto;RO;cap;11,13;38,52;37,76;30,6;33,36;20,03;44,44;53,83;24,5;49,48;9,5;32,03;54,67;30,5;28,39;19,03;53,04;51,06;36,6;44,23;15,05;34,5;39,5;27,75;39,83;13,06;55,35;52,55;32,78;35,85;9,24;40,5;53,43;19;37,46;10;52,47;57,61;30,57;38,27
Nord Est;Veneto;RO;NonCap;30,92;104,01;138,9;87,63;177,87;39,17;128,51;132,56;102,38;172,96;28,9;100,46;133,98;99,09;169,6;45,05;142,48;158,26;132,84;201,7;35,2;113,68;112,42;91,15;133,78;44,67;128,42;132,62;96,92;166,03;47,25;117,5;117,42;98,84;163,79;65,16;172,84;156,96;134,5;218,11
Nord Est;Veneto;TV;cap;5,09;95,4;97,73;74,66;63,87;16,58;77,42;103,84;58,51;65,97;11,67;72,6;104,5;50,16;71,08;13,31;88,33;108,83;58,25;96,27;12,04;63,53;101,57;34,84;58,67;11,58;67,6;131,5;67,5;59,49;8,19;57,19;95,16;87,51;63,59;18,21;75,03;118,75;97,46;97,21
Nord Est;Veneto;TV;NonCap;78,74;471,42;497,79;347,92;604,44;72,78;508,78;529,57;368,8;666,36;55,01;491,25;484,75;263,56;603,64;84,68;582,01;593,7;442,14;778,97;56,16;445,18;393,5;282,67;513,53;66,04;496,13;491,67;350,03;698,91;77,09;495,22;491,22;358,34;650,42;83,34;689,25;685,8;523,83;810,79
Nord Est;Veneto;VE;cap;49,83;316,73;284,35;123,3;79,89;45,27;306,05;317,85;147,1;101,41;40,09;284,06;287,1;116,76;95,13;65,02;380,36;388,86;191,07;112,38;42,06;264,82;283,1;113,47;97,55;29,34;327,42;313,72;147,23;110,83;52,97;341,33;340,23;154,16;96,25;55,61;386,22;380,2;181,65;141,96
Nord Est;Veneto;VE;NonCap;254,5;756,79;530,5;306,76;343,65;312,36;834,57;587,67;334,36;377,31;201,13;652,86;477,25;299,58;394,12;276,17;874,58;610,47;344,04;464,53;305,38;682,96;431,56;244,06;323,83;320,23;902,2;577,4;366;423;186,77;710,16;589,6;326,91;435,83;320,58;972,55;748,41;468,13;561,22
Nord Est;Veneto;VI;cap;43,05;106,67;140,4;63,09;67,01;42;113,17;114,56;91,5;90,23;27,35;88,19;123,3;78,65;61,4;46,05;120;133,38;91,6;77,33;32;76,19;107,75;77,49;39,39;23,06;90,33;107,99;89,58;83,46;52,03;102,75;109,83;79,01;81,83;51,04;152,31;208,42;95,81;103,07
Nord Est;Veneto;VI;NonCap;111,87;453,27;466,87;309,66;628,14;103,19;518,52;458,52;384,27;657,61;103,49;387,24;432,17;332,06;590,04;142,89;530,48;602,91;440,24;762,8;95,49;392,3;420,68;262,43;520,35;122,57;481,19;511,68;401,29;630,15;92,27;404,22;464,49;401,22;592,72;146,5;610,56;593,09;473,1;772,06
Nord Est;Veneto;VR;cap;51,19;261;295,5;145,46;126,69;37,74;255,74;338,49;153,02;117,88;39,33;232,28;287,5;132;99,25;57,36;303,56;325,24;164,83;166,35;51,14;181,45;272,9;107,38;91,9;43;292,49;294,56;125,19;113,63;40,54;246,15;269,26;144,44;111,96;51,23;308,88;390,74;167,93;150,58
Nord Est;Veneto;VR;NonCap;102,85;463,42;506,86;379,01;554,91;137,37;537,06;614,36;416,66;659,5;95,47;454,43;556,01;318,06;558,97;95,64;662,9;713,95;442,2;684,11;73,84;463,93;469,42;314,74;498,39;127,43;574,49;559,47;354,91;640,52;103;464,35;569,16;366,11;593,29;106,44;665,26;738,77;477,26;715,95
Centro;Lazio;FR;cap;6;19,25;21;20,91;14;3;17;24,72;17,63;19;3;21,5;17,05;21,13;9,75;1,25;17,11;39;20,33;28,42;2;13,51;19,67;10,34;15;5,33;16,84;21;33,5;20,75;3;13,11;22,5;12,5;13;2;27,5;21,67;25;25,7
Centro;Lazio;FR;NonCap;97,02;152,35;146,27;119,9;225,49;112,03;171,12;149,59;129,25;193,28;66,7;160,61;118,36;115,45;179,8;108,28;222,46;183,95;117,99;242,94;76,15;175,22;143,55;91,57;199,23;89,33;195,84;141,94;116;225,88;92,93;145,6;132,76;110,94;176,4;126,68;250,17;167,94;142,35;229,03
Centro;Lazio;LT;cap;14;82;92,72;70,97;46,84;14,33;128,79;114,65;61,97;44,2;19;88,08;70,67;52,6;37,44;22,5;98,13;83,56;66,92;70,45;18;103,75;66,19;63,47;48,25;17,66;127,96;85,08;67,06;44,75;15;74,74;71,59;42,75;39,5;20;84;118,06;70,17;76,97
Centro;Lazio;LT;NonCap;105,5;314,81;264,03;182,13;168,11;128,65;352,47;294,95;200,55;153,72;114,5;281,71;236,45;161,5;128,89;115,31;350,34;309,24;192,85;184,37;94,87;308,91;288,97;163,7;138,46;111;364,38;360,31;177,08;168,33;82,68;306,14;258,46;160,17;136,35;118,01;424,65;343,06;222,55;191,57
Centro;Lazio;RI;cap;4,5;29,05;21,5;31,94;20;10,17;36,61;35;21,01;27;4,5;20,61;19;23,97;30,96;10,94;31;36,41;27,75;30,43;9;21;29,63;16,5;15,5;10,94;40,16;29,67;34,5;34;4;16,2;26;20,63;18;13,25;43;50,33;20,51;39,5
Centro;Lazio;RI;NonCap;42,5;75,61;70,46;43,22;64,46;79,79;116,32;89,67;59,33;75,46;44,29;83,71;59,16;35,05;72,99;54,18;145,75;86,94;53,68;83,88;58,2;114,31;88,56;56,58;67,47;45,92;102,84;82,83;56,17;73,73;48,5;79,5;85,94;51,48;72,45;62,39;138,21;89,63;76,13;97,59
Centro;Lazio;RM;cap;809,07;3529,08;2253,26;998,03;690,74;960,09;3854,99;2478,37;1055,08;796,72;833,45;3156,91;2184,96;889,47;680,69;938,14;3889,13;2395,32;1094,78;884,67;796,55;3133,98;2149,92;938,39;689,32;934,88;3830,67;2621,31;1146,92;933,86;766,2;3226,44;2128,18;970,46;750,76;924,22;4236;2821,09;1183,63;944,66
Centro;Lazio;RM;NonCap;495,94;1666,54;1114,14;563,96;510,12;499,4;1955,02;1263,77;629,17;544,25;403,44;1535,71;1089,68;537,62;504,39;536,69;1992,66;1386,49;631,76;628,54;479,25;1546,39;1043,26;539,07;449,6;534,25;1957,56;1376,84;641,65;597,52;370,32;1694,93;1104,54;572,57;541,41;559,9;2444,12;1507,54;777,51;660,19
Centro;Lazio;VT;cap;16,21;73,83;65,83;54,24;33,99;18;58,55;67;43,99;56,33;11;58,5;58,67;38,01;40,92;20,5;102,2;63,91;42,45;47,25;19,55;48,83;47,1;40,25;39,5;27,5;73,23;59,17;47,4;46,64;14;60,5;57,67;65,33;35,5;29;68,75;63,25;70,25;52,6
Centro;Lazio;VT;NonCap;64,89;249,76;216,22;123,09;145,78;107,86;273,49;242,47;144,18;156,83;63,42;206,32;184,41;119,4;118,91;116,2;300,1;238,79;154,64;178,06;86,46;232,18;192,45;117,11;129,33;93,17;269,39;231,86;139,64;153,25;71,83;229,32;176,71;102,61;137,77;91,99;286,88;279,57;166,24;180,11
Centro;Marche;AN;cap;20,25;107,02;96,07;48,5;27,74;17,69;91,42;114,45;49,67;43,66;18,95;85,67;112,79;46,83;33,34;21,37;106,88;122,23;59,75;42,3;18,54;71,63;101,32;50,21;33,04;25;124,95;112,25;59,83;44,83;23,06;81,25;102,98;58,64;31,2;24,17;108,24;146,1;71,63;51,28
Centro;Marche;AN;NonCap;76,93;262,12;259,18;174,9;178,15;68,44;263,78;316,1;198,17;180,14;44,59;215,03;290,14;174,9;155,19;107,67;324,58;329,9;247,13;226,57;82,25;249,98;286,52;162,91;163,42;105,82;324,43;263,96;202,72;205,14;64,15;203,65;274,45;201,2;173,69;84,33;300,64;351,92;215,63;221,91
Centro;Marche;AP;cap;5;36,25;25;18,5;9,25;8,4;27,5;35,5;25,45;19,25;2,5;17,7;25,24;17,27;16,16;6;23,44;44,85;24,22;25,95;1,1;14,04;27,05;15,67;19,33;4;22,33;29,1;24,5;17,6;5,5;17;30,88;19,83;21,08;9,33;27;42,47;30,66;31,84
Centro;Marche;AP;NonCap;51,58;190,08;193,93;116,13;133,11;53,02;237,18;236,34;147,66;144,1;73,02;225,65;198,62;141,19;136,16;92,64;274,4;268,66;162,49;171,44;58,42;204,08;194,45;113,75;132,42;74,57;244,05;224,55;136,15;137,14;73,72;203,36;192,09;134,62;123,89;144,07;365,57;294,33;171,88;171,34
Centro;Marche;MC;cap;3,5;17,5;22,83;21,75;13,84;7,5;34,5;23;21;16,22;6;17,5;38,66;20,13;17,67;7,96;29,2;31,39;24,34;26,25;4;24,5;28,83;16;27,29;6;30,75;42,67;17;27,17;8;15,5;21,78;25,16;17,45;6;40,5;39,17;19;32,17
Centro;Marche;MC;NonCap;48,11;187,87;149,12;117,82;109,01;50,08;197,96;167,7;125,89;126,53;44,31;188,83;155,4;109,7;112,75;84,03;229,57;198,5;128,23;163,5;57,18;148,72;147,95;113,79;124,09;62,23;189,5;173,11;120,35;147,45;93,67;192,17;171,69;125,34;142,09;95;274,11;226,52;160,52;175,3
Centro;Marche;PS;cap;12,5;88,72;68,06;53,83;39,43;22,4;62,73;80,6;60,59;33,17;22;72,2;88,48;39,5;33,66;15,67;92,02;85,89;64,83;41,17;16,11;60,1;66,5;55,59;36,19;21;70,23;82,76;53,14;59;11,5;98,83;61,33;49,58;39,82;20;103,48;89,17;73,2;46,59
Centro;Marche;PS;NonCap;53,63;197,74;156,46;111,72;180,67;51,5;221,14;164,57;127,02;158,96;43,67;186,6;140,17;91,41;134,6;56,25;232,67;207,18;136,41;178,88;48,33;193,61;162,86;85,06;132,04;63,5;207,87;167,81;114,16;159,18;40,5;207,33;169,83;123,78;151,57;61,5;249,78;237,17;170,15;218,79
Centro;Toscana;AR;cap;8;56,86;70,15;45,67;56,49;11,11;68,82;80,89;58,56;60,72;6,79;54,14;59,17;50,71;51,84;17,33;72,17;91,12;43,59;53,57;19,5;52,88;73,49;39,59;49,67;18,2;46,8;83,2;53,2;60,85;15;42;70,47;51,33;57,98;23,67;58,67;83,85;50,67;59,5
Centro;Toscana;AR;NonCap;32,5;144,44;161,67;115,18;156,26;39;161,3;188,02;124,05;153,31;27,33;131,04;169,81;106,43;143,47;21,04;160,24;221,7;123,98;209,24;27,67;112,92;168,58;99,53;157,15;32,42;179,41;198,41;140,4;182,26;30,5;150,19;178,51;116,02;149,81;39,27;203,73;205,16;146,25;205,9
Centro;Toscana;FI;cap;155,09;437,23;329,44;164,35;121,74;150,36;487,52;389,44;179,55;129,44;112,74;369,45;272,31;123,64;115,18;137,3;504,12;364,78;161,92;150,54;105,71;425,65;322,84;153,9;128,6;104,2;418,68;359,63;184,11;158,74;99,54;376,01;336,32;122,93;118,37;138,3;483,28;438,51;197,48;151,9
Centro;Toscana;FI;NonCap;111,27;533,63;492,65;267,72;337;113,12;560,75;534,9;313,6;325,35;81,02;453,88;502,87;216,82;296,98;108,47;498,11;564,83;314,09;434,5;93,34;468,5;488,46;240,28;282,44;138,5;529,32;552;350,34;312,78;96,62;499,21;504,87;313,14;296,47;103,68;657,87;604,83;353;347,07
Centro;Toscana;GR;cap;34,06;118,97;81,63;42,83;40;33,63;94,18;89,83;59,25;37,5;22;96,86;56,72;34,33;26,32;28,75;95,62;87,3;41,15;22;26,1;90,54;74,97;41;20,33;26,53;81,06;85,77;42;31,61;18,83;92,26;72,2;36;21,5;31,15;107,86;90,08;50,77;39,67
Centro;Toscana;GR;NonCap;82,78;248,61;200,81;79,13;102,23;90,71;289,68;212,25;81,27;82,39;58,44;181;131,91;81,74;99,12;88,01;255,22;185,2;117,43;101,87;77,76;239,17;171,53;68,36;55,37;81,96;243,73;197,17;101,69;101,77;66,16;190,15;151,54;80,67;78,5;79,51;254,88;203,1;92,22;112,07
Centro;Toscana;LI;cap;26,5;163,12;184,41;79,07;52,26;38,25;198,62;176,49;77,33;70,42;33;158,73;149,17;79,13;54,59;34,6;171,5;175,71;79,91;77,1;26,95;145,98;126,42;62,59;47,17;26,73;206,84;185,39;86,92;44,63;29,57;185,64;165,36;65,44;54,2;37,57;167,64;192,79;100,81;57,15
Centro;Toscana;LI;NonCap;115,41;296,64;196,22;85,35;66,37;125,14;370,23;259,06;93,48;88,98;89,13;264,68;160,83;94,39;67,33;141,07;369,93;254,51;96,22;101,58;93,73;293,04;173,67;61,49;63,87;126,02;417,27;227,18;80,52;75,55;80,12;273,87;210,26;76,89;71,91;180,13;375,41;251,12;105,25;75,88
Centro;Toscana;LU;cap;13,6;64,84;67,99;54,33;82,52;17,5;80,52;83,5;48,67;98,5;11,5;63;52,17;55,92;73,8;13,5;72,73;78;57,33;73,17;14,67;46,47;55,21;44,8;72,03;10;64,04;56,5;47,5;95,21;8;41,54;74,78;37,3;87,55;8;75,5;80,9;66,58;102,17
Centro;Toscana;LU;NonCap;44,41;212,96;212,09;153,79;283,35;58,93;238,04;277,59;182,76;315,04;37,41;218,38;236,25;163,08;279,07;52,88;245,6;231,32;193,98;308,71;46,39;209,95;189,11;145,67;250,66;66,48;225,29;244,87;176,18;315,23;49,21;232,42;230,28;170,17;239,11;63,18;288,47;271,36;184,1;349,28
Centro;Toscana;MS;cap;10;78,63;54,77;28,28;25,08;14,02;75,92;56,08;35,74;14,99;18,38;67,41;64,27;28,39;27,97;17,83;70,8;53,79;26,64;34,1;5,51;59,72;39,92;32,51;19,53;17,75;64,67;54,81;18,5;27,33;12;46,83;50,77;26,33;19,67;12,38;77,26;49,17;30,76;34,42
Centro;Toscana;MS;NonCap;44,67;114,62;115,74;55,92;84,87;38,06;112,45;97,68;88,85;81,23;53,47;106,08;104,12;71,33;79,33;50,63;126,75;116,28;69,97;88,28;39,25;90,33;96,28;56,5;64,48;45,26;130,36;107,48;74,81;87,25;36,69;100,95;112,91;64,71;78,05;53,42;104,23;133,53;75,33;80,11
Centro;Toscana;PI;cap;51,13;94,2;88,51;52,62;41,07;55,5;105,6;101,59;57,08;47,78;37;101,67;83,23;57,88;49,43;62;127,39;107,31;74;50,93;46,5;83,45;87,46;46,5;38,06;46,04;109,63;122,14;56,64;48,67;45,05;98,92;105,1;45,17;50,05;51,52;111,35;139,7;68,48;43,61
Centro;Toscana;PI;NonCap;45,7;276,88;276,09;191,42;247,95;46,05;287,86;315,36;191,42;262,78;45,68;266,25;265,43;150,16;217,72;53,8;315,14;326,28;196,53;260,58;32,17;265,45;252,65;140,24;206,46;50,1;321,9;289,85;169,02;219,11;42,25;249,35;243,2;206,25;252,56;78,7;321,33;335,53;211,44;306,21
Centro;Toscana;PO;cap;40,17;136,71;154,93;84,37;99,75;26,82;129,89;198,28;84,59;110,72;23,67;138,94;145,71;78,9;76,73;36,65;134,71;172,73;91,36;97,3;25,2;117,48;134,17;88,42;81,59;27;153,58;166,45;109,15;93,54;27;144,93;133,35;87,57;89,5;27,01;160,07;166,18;110,34;125,57
Centro;Toscana;PO;NonCap;2;36,06;43,5;21,72;33,76;3;53,5;47,67;21,17;37;4;38,3;38,44;23,67;33,17;9,25;46,66;55,5;30,84;47;6,33;31,23;40,49;20;21,42;9,83;35;51;26,67;42,14;11,7;34;35,5;22,92;33,22;5;49,99;68,99;28,61;47,72
Centro;Toscana;PT;cap;9,83;60,34;71,82;46,13;48,67;5,63;55,08;79,52;50,33;46,22;10,83;54,44;64;59,86;47,09;26,11;63,8;79,86;52,16;49,77;8,67;48,67;53,88;36,08;49,94;17,5;57;77,82;58,34;68,64;4,5;52,5;63,96;35;52;9,33;54,83;78;60,27;78,5
Centro;Toscana;PT;NonCap;19,5;144,96;120,89;81,75;105,98;43,63;177,73;146,04;112,92;150,06;25,75;163,47;127,24;118,25;125,9;47,98;188,47;160,76;99,75;146,11;31,5;132,61;119,37;76,99;110,97;50,35;154,46;164,09;120,66;178,01;23,97;134;150,82;114,58;159,09;37,07;177,74;195,45;122,59;169,53
Centro;Toscana;SI;cap;11,5;44,18;59,51;33,5;29,02;14,96;50,67;47,43;22,13;21,25;5,75;38,52;43,22;22,5;15,33;10;59,52;42,01;23,36;31,33;11,08;37,71;36,47;18;18,52;6;43,27;41,41;25,5;24,25;9;28;45,5;28,53;27,08;12,5;55,4;59,83;34,33;24,83
Centro;Toscana;SI;NonCap;43,33;168,62;191,33;120,81;120,53;24;190,56;146,19;114,87;154,16;25;155,35;157,89;79,78;112,21;49,5;206,67;212,85;124,76;174,74;40;156,77;165,22;110,54;118,56;34;187,6;213,37;104,61;148,46;36,75;141,25;181,35;94;127,28;51,17;214,89;191,74;119,26;157,95
Centro;Umbria;PG;cap;49,69;131,09;138,59;88;106,58;54,58;138,98;132,18;94;90,06;58,25;129,96;147,17;79,59;86,84;62,74;190,81;175,26;99,67;89,83;49,66;124,13;110,66;73,18;74,25;50,9;142,65;154,2;105;89,25;56,53;146,21;142,75;84,27;92,34;78,46;183,13;160,67;95,11;113,62
Centro;Umbria;PG;NonCap;66,14;252,68;311,33;247,93;323,93;76,68;302,89;346,22;256,68;336,06;90,1;311,04;303,73;251,05;305,97;85,76;323,57;383,7;271,97;397,32;83,17;254,09;285,12;249,65;304,99;83,17;287,89;323,45;254,77;380,58;71,01;274,08;300,21;278,92;311,35;89,03;348,41;409,58;306,81;371,79
Centro;Umbria;TR;cap;18,19;85,86;98,29;63,13;48;17,96;89,03;105,6;60,78;44,11;20,8;68,92;103,5;61,61;45,58;29;101,4;137,32;72,41;54,92;15,1;81,98;87,89;50,75;37,7;28,1;99,83;96,66;60;63,72;18;77,58;98,43;59,94;46,5;35,54;111,43;121,34;77,07;80,67
Centro;Umbria;TR;NonCap;15,17;64,65;72,67;52,05;109,52;27,96;94,17;84,33;58,67;88,57;13,21;54,03;72,92;57,87;70,17;26,51;71,2;86,79;53,58;100,78;17,83;67,22;62,94;45,25;74,78;36,67;84,5;90,33;51,41;93,81;28,12;61,08;71,82;50;87,36;35,67;89,56;86,47;54,16;109,83
Sud;Abruzzo;AQ;cap;10,67;39,06;47,85;49,83;32,7;16,1;47,66;43,46;37,54;40,73;12;27;49;51,17;26,5;16,5;45,87;64,58;50;45,75;21,39;39,5;45,83;34,67;35,56;11,2;52,28;55,15;42,38;34,97;17,12;74,2;83,77;45,48;38,18;24,5;73,82;64;52,37;56,89
Sud;Abruzzo;AQ;NonCap;127,35;264,7;141,82;89,47;90,9;105,46;317,58;171,44;116,38;104,95;131,32;248,68;148,98;97,85;92,38;189,34;405,7;198,71;123,02;148,31;123,7;245,71;136,64;100,9;95,66;150,62;279,83;169,92;101,17;103,47;121,17;241,07;157,9;91,08;106,15;237,23;483,52;231,97;149,27;125,43
Sud;Abruzzo;CH;cap;9;37,5;49,83;27,25;18,75;9;45,5;52,17;33,34;27,67;4;33,5;44,93;36,67;18;6;49,97;40;29,78;19,6;5;34,05;43,75;25;22,75;8,14;42,58;30,6;25,64;18;6;54;59,67;39,45;28,75;23;70,22;49,17;39,42;23,5
Sud;Abruzzo;CH;NonCap;75,6;239,33;186,99;143,88;158,81;70,13;254,62;216,89;145,33;167,48;63,24;238,3;193,5;134,64;144,05;107,77;302,65;243,26;190,07;186,23;84,23;232,8;205,63;130,46;142,44;97,24;300,94;240,93;171,34;154,4;82,64;266,31;183,88;139,41;174,74;84;384,21;296,39;196,4;216,42
Sud;Abruzzo;PE;cap;10,5;99,52;109,94;99,42;52,5;18;63,77;116,02;89,83;44,84;10,5;88,77;112,59;69,68;52,33;17,03;114,51;149,68;95,04;59,02;15;83,03;107,83;72,6;63,44;23;99,75;143,97;85,99;63,67;22,5;87,93;112;101,31;55,5;29;179,8;188,33;113,75;80
Sud;Abruzzo;PE;NonCap;36,51;148,7;115,14;100,42;85,49;37,51;128,25;107,07;107,07;93,59;38,15;111,22;126,03;81,13;79,03;48,17;164,5;119,67;97,17;100,67;38,33;122,6;96,61;78;68,65;46,33;133,89;133,74;97,5;125,83;31,7;116,28;115,38;81,03;112,31;43,33;192,17;146;86,02;109,42
Sud;Abruzzo;TE;cap;3;15;30,33;26;26,67;7;18,06;20;22;20,5;4;20,9;24;23;22,22;5;22,01;32,5;33,5;30;12;12;18;23;22,81;3;26,15;32,1;36,18;19;6;21,13;22,5;32,33;30,22;6,04;32,07;44;39,5;44,37
Sud;Abruzzo;TE;NonCap;70,17;258,9;155,56;85,9;102,47;99,22;340,04;179,2;114,07;124,93;71,5;258,34;159,95;109,32;108,61;111,5;332,91;230,5;135,06;128,06;105,46;270,53;154,87;112,86;115,19;91,52;334,91;210,78;124,47;141,31;69,5;322,28;175,78;102,67;118,52;143,36;462,24;263,34;146,81;147,3
Sud;Basilicata;MT;cap;14;34,5;40,39;33,25;16;10;47,5;37,78;46,47;23,38;8;37,83;34,25;20,83;18;5;48,83;50,17;28,5;26,17;3;41,5;40,8;28,67;17,34;3;49,33;50,66;22;16,33;4;41;48,83;32,25;19,3;4;42;58,67;41,11;30,42
Sud;Basilicata;MT;NonCap;41,8;105,18;57,86;33,11;36,25;41,25;117,1;85,24;48,18;26,17;50;91,11;61,13;43,13;31,56;51,8;122,3;65,1;41,61;29,03;41,5;101,49;73,42;36,55;26,25;36,16;109,56;63,66;50,44;31,97;34,95;101,47;55,35;34,13;23,01;55;117,05;88,55;33,71;34,68
Sud;Basilicata;PZ;cap;10;34,5;43,58;36,34;17,4;4,1;21,01;40,85;21,33;26,01;8,19;27,54;22,43;26,8;16,5;6,02;40,82;51,77;41,17;27,83;5;30,67;28,72;20,32;21,67;14,04;38,54;51;35,97;16;7,01;26,77;34,05;25,5;19,33;13;38,87;38,99;37,62;20,23
Sud;Basilicata;PZ;NonCap;56,1;114,6;103,15;92,18;74,76;61,66;133,52;118,66;80,18;60,99;59,24;130,53;90,06;75,25;74,98;68,73;145,74;131,62;95,19;113,87;56,28;106,64;100,04;53,19;63,38;66,78;118,14;100,44;89,76;69,11;79,35;111,74;110,22;73,54;75,92;80,43;141;126,18;85,33;76,46
Sud;Calabria;CS;cap;13,04;35,53;65,06;32,89;26,77;13;33,25;68;30,25;38,65;9;39;47,7;40,55;32,67;6;45,13;51,5;47,25;41,25;8,5;40,28;55,3;25,25;27,5;12;39,13;58,17;39,33;25,17;13;33,5;37,18;37,36;24,83;12,99;84,2;90,03;49,92;43,97
Sud;Calabria;CS;NonCap;282,27;462,04;299,56;194,21;239,74;322,78;551,34;371,18;257,65;252,89;263,45;532,33;343,25;227,89;243,86;403,39;610,49;387,42;264,85;287,3;264,51;441,18;314,82;234,8;236,23;414,17;565,56;366,82;227,8;219,39;305,32;536,72;309,02;225,54;261,75;355,73;594,36;360,15;262,24;296,03
Sud;Calabria;CZ;cap;8,5;41,6;46,25;31,89;20,67;14,81;54,75;46,73;52,41;35,5;13,05;47,07;54,72;38,36;36,05;24,02;56,37;42;44,17;29,83;16,07;49,64;41;49,25;31,83;13;46,01;42,86;40,26;34,11;12,5;48,11;66,75;44,25;48;19,77;80,5;68,47;45,15;27,71
Sud;Calabria;CZ;NonCap;78,67;138,4;100,07;84,5;105,34;127,47;201,9;119,67;91;70,85;118,38;151,92;131,45;91,67;87,91;117,8;195,36;148,7;96,42;90,27;72,18;157,34;128,64;84,76;94,34;88,85;193,96;144,55;94,85;78,13;106,82;173,89;133,55;91,46;69,44;107,25;194,04;146,59;114,39;104,6
Sud;Calabria;KR;cap;8;28;32,32;26,39;13,25;6,24;41,02;39,3;27,77;18,74;8,16;29,75;30,88;25;17,63;14;36,67;38,78;27,5;16,58;9,02;33,78;45,3;36,22;21;6,12;21,75;38,67;32,67;23,13;10;14,67;27,23;32,84;14,05;17;27,7;27,39;30;13,5
Sud;Calabria;KR;NonCap;31,37;59,98;45,32;30,93;22,25;41,05;83,25;45,93;23,13;27,19;37,5;63,43;34,17;22,14;29,62;45,78;70,75;40,28;23,35;47;34,88;61,9;38,08;27,5;17,75;39,43;70,25;28,83;28,1;24,37;39,01;81,25;42,8;25,13;35,34;43;66,68;53,8;18,42;23,75
Sud;Calabria;RC;cap;10,15;63,79;79,67;72,43;52,18;7,77;60,28;84,28;67,74;57,5;10,75;42,08;77,5;61,26;44,25;26,03;76;97,88;62,86;66,61;16,56;62,05;73,97;58,32;65,5;15,69;51;64,87;57,98;60,98;15,33;50,05;57,3;52,64;61,91;19,5;72,25;89,47;76,24;66,03
Sud;Calabria;RC;NonCap;59,07;132,72;101,31;76,55;86,21;57,5;167,27;119,66;91,33;87,43;87,68;179,52;130,03;78,21;94,72;69,4;162,82;133,87;104,8;109,9;62,85;101,78;104,07;91,06;92,93;56,42;146,44;122,55;79,72;88,94;83,67;168,48;117,33;91,55;88,14;91,69;181,69;137,34;102,55;105,05
Sud;Calabria;VV;cap;4;15,75;8;12;4,5;3;15;7,84;15,5;21,29;8;11,5;6,73;20;16,55;;11,5;9;18;11,87;1;13;12,75;12,17;9,11;4;17;13,5;22;9,33;4;11,83;13,61;9,17;7,72;3,1;19,91;15,48;13,5;22,58
Sud;Calabria;VV;NonCap;33,05;83,46;33,15;36,44;45,65;34,83;66,18;57,68;50,93;46,63;44,58;70;44,17;28,78;23,17;66,16;95,77;79,93;47,85;44,9;48,56;79,55;56,36;32,03;35,94;49,68;72,36;49,23;30,93;39,2;48,16;59,67;44,72;33,23;41,27;30,34;77,82;63,3;35,63;40,08
Sud;Campania;AV;cap;4,01;13,25;23,21;27,15;26,81;3;7,03;25,38;29;30,08;2,13;20,12;28,73;18,91;16,92;1,17;14,7;31,81;48,7;37,25;6,11;17,52;29,55;27,54;28,5;3,11;16,66;31,01;32,6;44,17;2;18,07;24,2;19,46;29,77;2,23;19,93;30,01;44,06;26,83
Sud;Campania;AV;NonCap;28,89;101,12;108,39;125,64;140,02;38,3;111,74;120,13;136,94;166,13;37,82;111,02;119,72;125,46;171,41;62,1;140,12;184,49;159,37;192,26;39,12;98,03;122,76;102,79;164,48;54,06;132,09;153,26;144,21;192,99;50,03;126,04;141,41;130,41;150,29;48,88;111,49;152,46;142,98;200,89
Sud;Campania;BN;cap;8;12;42,55;29,48;27,53;6,04;30;41,63;25,47;36,43;9,03;16,33;37,52;20,53;22,27;5,08;28,71;44,94;25;42,92;1;16,17;34,84;39,76;22,48;4;24,35;42,56;38,34;47,25;6,25;19,83;38,47;26,67;38,11;9,98;34,72;44,51;35,41;33,29
Sud;Campania;BN;NonCap;41,39;52,19;40,6;65,13;117,02;45,05;45,14;72,4;58,61;110,05;24,27;44,2;52,78;62,34;104,33;44,09;62,25;68,97;62,44;134,19;31,22;45,65;55,25;57,75;100,43;31,89;66,33;48,4;62,22;119,76;33,34;53,05;53,49;66,41;104,95;46,59;68,84;74,83;96,34;176,94
Sud;Campania;CE;cap;14;25;49,8;42,92;41;11,5;42,23;41;47,43;71;9,67;26,2;29,84;45,04;60;16;26,46;41,66;45,5;68,11;20,07;33,54;46,67;37,83;50,11;18;32,55;42,09;60,73;60,45;8,04;17,5;48;60,33;60,82;10,5;40,51;77,96;66,29;65,45
Sud;Campania;CE;NonCap;144,64;331,05;429,46;392,98;426,14;112,28;285,83;490,43;381,93;435,1;122,83;232,69;383,62;335,33;401,23;141,74;328,82;505,01;416,25;451,69;106,35;285,47;372,22;360,14;375,49;143,51;316,52;460,07;424,6;430,89;106,51;264,27;343,62;353,1;357,61;129,23;364,48;526,4;465,47;507,06
Sud;Campania;NA;cap;338,34;577,98;520,58;296,94;224,38;386,33;628,97;590,08;324,11;245,05;291,88;517,05;431,29;249,17;198,43;362,68;650,71;616,41;309,87;221,96;346,21;544,97;509,97;264,43;209,34;357,43;657,58;597,23;319,63;226,68;272,26;479,86;459,92;238,86;184,87;370,07;639,71;581,72;316,47;217,54
Sud;Campania;NA;NonCap;311,93;716,1;1043,58;683,71;491,65;349,24;747,66;1088,88;744,71;536,37;276,36;597,95;876,52;556,04;492,86;414,54;811,36;1141,09;789,26;604,99;355,73;770,73;924,22;646,47;461,06;437,79;824,39;1090,92;754,44;511,01;330,81;605,96;873,24;578,51;405,88;490,92;863,42;1258,51;817,92;529,73
Sud;Campania;SA;cap;17;78,25;73,7;75,7;42,41;20;90,68;118,97;84,01;56,39;16,41;67,85;73,83;67,62;54,25;19,43;97,5;127,83;96,11;52,42;18,53;67,44;74,66;64,62;50,58;20,31;77,11;98,26;87,9;53,97;12,66;57,53;72,01;74,62;54;12,43;71,67;84,91;68,77;58,84
Sud;Campania;SA;NonCap;167,53;421,43;431,47;350,65;345,21;196,73;485,12;495,27;384,89;346,63;160,41;417,99;435,49;330,33;298,33;192,37;520,27;497,88;430,88;358,27;153,21;415,28;479,27;367,68;299,62;208,25;469,36;507,42;423,58;322,83;160,42;410,4;424,99;358,46;304,9;226,84;587,51;575,52;458,42;403,68
Sud;Molise;CB;cap;7,75;22,5;39,09;39,97;20,5;3;30,79;48,28;31,59;23,34;7;24;35,01;27,5;23;7;45,86;34,97;40,42;22,25;9,6;27,5;41,52;35,5;22,59;8,86;22,61;32;44,27;21,75;6,7;23,52;29,9;32,42;22,17;11;39,51;39;34,25;23,2
Sud;Molise;CB;NonCap;51,76;138,88;98,54;49,07;86,05;60,78;193,34;98,65;64,29;81,58;57,76;174,91;102,36;63,5;76,72;76,28;173,04;115,41;78,88;90,64;55,26;139,64;103,33;80,61;80,94;71,81;180,84;119,84;75,55;71;56,15;159,55;99,08;64,52;82,27;74,39;223,85;151,86;108,66;106,91
Sud;Molise;IS;cap;3;6;5;9;9;2;5;9;11,34;10,99;1,06;6;9;8;9,83;4;6;15;11,44;16,75;1,5;7;12;6;3,33;8;15,49;10;10,67;8;3;4;3;16;13,14;3;12,5;12;7;5,5
Sud;Molise;IS;NonCap;17,33;23,41;31;26,33;36,43;7,52;27,76;28,06;9,67;33,84;16,5;31,51;18,75;21,84;30,53;9;38,45;25,38;20;38,19;9;32,57;31,53;13,53;30,11;18,6;34,22;19,03;18,87;28,25;12;32,52;18,25;23,92;26,17;19,94;57,4;24,9;21,47;37,7
Sud;Puglia;BA;cap;131,45;312,17;274,68;170,55;97,95;159,41;307,12;333,75;205,88;175,89;117,43;244,03;276,3;152,35;98,36;170,81;384,89;318,69;190,22;125,99;150,4;260,2;247,85;156,41;92,31;132,31;339,89;315,49;203,11;100,56;159,57;306,87;297,37;177,84;98,02;266,79;882,84;741,96;365,05;168,55
Sud;Puglia;BA;NonCap;388,69;790,68;952,6;609,08;398,05;353,49;872,86;1055,66;732,64;395,06;342,27;699,44;875,64;528,83;377,27;441,34;989,93;1136,52;732,6;477,85;340,7;740,69;878,33;564,27;359,16;396,81;850,12;995,07;712,5;445,05;319,19;740,67;852,7;589,51;420,03;538,85;1275,73;1530,24;869,82;489,27
Sud;Puglia;BR;cap;18;40,68;71,96;47,94;32,47;10,32;45,22;80,67;58,42;40,12;7,67;52,34;70,29;58,17;22,67;9;66,46;91,09;60,41;36,96;9;53,94;73,05;65,32;23,39;9;49,27;69,59;59,63;44;5,6;36,86;64,73;43,17;30,47;6;49,89;88,24;50,67;38,17
Sud;Puglia;BR;NonCap;127,64;210,39;195,91;169,83;100,57;127,39;259,67;217,31;142,62;134,2;110,9;204,21;200,21;138,78;106,07;123,22;219,63;210,91;155,74;144,73;97,13;203,1;186,01;136,8;119,99;126,19;218,51;219,7;152,29;117,95;82,65;183,3;185,7;138,87;100,22;156,87;206,79;209,19;158,88;129,22
Sud;Puglia;FG;cap;37,57;91,88;119,55;59,22;42,96;29,88;77,22;130,69;60,34;45,01;20,09;67,95;104,08;64,83;43,22;37,22;95,81;110,67;76,08;46,5;33,86;66,31;86,07;64,3;41,44;58,94;104,17;127,76;82,08;52,65;26,28;65,06;119,6;74,08;47,92;30;129,8;130,8;85,64;64,82
Sud;Puglia;FG;NonCap;219,39;357,63;338,33;246,96;124,41;215,93;387,86;306,7;217,15;184,66;202,91;349,53;272,01;197,89;136,22;242,12;476,12;380,93;286,59;180,91;257,59;350,71;301,46;224,38;141,54;213,11;385,02;300,29;235,29;122,16;196,83;359,96;275,9;181,45;115,15;258,82;458,41;386,1;248,23;202,73
Sud;Puglia;LE;cap;30;94,84;101,23;72,8;105,87;17,69;96;101,66;76,06;102,71;16;92;82,81;54,76;73,52;14,63;112,72;112,47;75,64;81,92;20;82,67;89,53;70,2;86,05;21,76;97,93;81,51;67,15;98;12,83;62,83;78,54;56,88;82,45;20,5;111,6;86;64,25;85,72
Sud;Puglia;LE;NonCap;193,08;444,92;370,57;306,56;352,07;193,55;437,57;429,32;301,73;410,88;121,54;355,04;371,24;274,66;355,16;223,37;420,16;421,7;359,78;430,41;162,52;419,39;369,44;310,98;370,69;185,68;454,76;348,41;295,43;386,84;130,52;376,66;353,75;267,46;363,64;198,92;473,27;415,84;325,22;460,15
Sud;Puglia;TA;cap;39;121,58;146,62;121,43;60,17;39,19;142,08;147,28;128,5;55,6;52;115,95;130,57;97,84;74,27;54,61;149,21;171,04;117,56;72,63;59;109,25;138,83;90,11;65,06;39;147;159,02;129,9;80,72;37;117,5;138,96;107,53;78,23;54,88;137,77;158,43;144,13;91,11
Sud;Puglia;TA;NonCap;87,66;230,8;264,64;183,61;164,38;122,4;235,34;281,61;215,17;177,61;91,51;191,01;258,13;179,75;140,34;105,53;240,43;259,12;201,8;180,2;101,05;201,42;218,84;169,52;141,19;72,67;248,61;247,5;185,88;165,41;68,75;214,56;231,22;196,16;151,3;109,48;247,11;283,83;228,5;178,74
Isole;Sardegna;CA;cap;35,56;100,56;98,5;98,09;67,08;26,1;135,85;89,97;77,63;71,5;27;95,36;95,82;94,23;64,68;36,7;121,59;162,71;102,52;87,55;30,96;101,43;113,95;68,47;67,1;42,2;118,52;139,64;108,56;74,09;34,06;104,05;110,54;77,62;66,6;43;154,5;166,97;91,68;83,25
Isole;Sardegna;CA;NonCap;92;424,61;353,1;225,28;299,34;117,6;464,08;330,39;233,26;312,36;101,24;364,11;298,08;202,93;330,81;109,62;462,72;334,32;264,84;354,19;81,6;349,71;312,57;208,09;244,15;98,12;439,45;373,92;256,8;334,73;81,19;354,26;286,54;207,63;282,43;120,41;484,82;363,98;257,28;381,44
Isole;Sardegna;NU;cap;3;14,3;19,97;17;15;4;12,83;13,7;15;11,83;3;10,06;17,24;10,11;10,75;2;10,12;25,08;16;16,17;1;4,83;18,22;6,25;12,5;2;11,72;19,78;16,97;15,33;5;8,2;14,8;10;18,63;6,05;28,05;18,39;18,89;15,84
Isole;Sardegna;NU;NonCap;42,41;153,89;90,18;64,13;67,99;32,65;165,84;107,83;61,26;120,78;30,6;148,03;79,48;48,35;107,1;40,87;206,66;113,84;68,74;117,22;38,83;162,94;91,8;59,03;101,68;46,95;212,87;110,22;58,28;112,38;36,25;136,35;90,74;58,38;117,57;51,56;218,9;121,56;72,19;138,19
Isole;Sardegna;OR;cap;3,5;24;16,17;15,9;23,25;4,5;18,5;25,83;15;24,51;4;28,75;22,83;19,85;24,83;7,99;27,5;29,54;24,92;27,22;6;24,14;15,5;19,17;16,81;5;27;16;13,94;20,67;3;19,75;19,17;15,86;7,58;2;29;20,83;22,11;16,49
Isole;Sardegna;OR;NonCap;11,75;21,8;32,26;49,09;78,46;19,08;31,83;35,53;36,68;84,3;11;34;38,17;29,27;92,47;17,11;34,99;47,08;39,96;107,39;13,67;27,25;46,83;48,72;82,26;12,57;43,79;43,15;31,92;86,62;5,28;28,56;30,01;35,69;73,65;16;106,9;44,6;42,83;106,04
Isole;Sardegna;SS;cap;34;95,43;88,21;54,81;53,82;30;113,33;99,54;69,12;47,49;32,33;77,73;81,79;66,59;44,69;36,28;108,5;113,82;68,17;45,56;38,71;81,67;92,06;61,36;32,75;23,94;98,56;80,88;66,51;51,99;23;84,67;89,51;60,51;42,67;49,12;101,74;76,49;75,43;57,88
Isole;Sardegna;SS;NonCap;248,95;528,59;266,11;144,97;187,32;296,78;556,87;275,02;173,16;210,47;189,96;439,24;238,45;141,92;180,67;269,39;558,89;291,69;179,67;234,29;259,54;539,18;257,82;156,43;162,5;250,04;537,27;270,2;151,08;218,68;182,68;448,49;230,5;138,1;178,89;276,3;622,98;316,66;173,71;210,42
Isole;Sicilia;AG;cap;32,5;39,17;38,5;49,83;37,72;11;48,67;43,74;37,67;43,39;10;33,43;42,41;40,25;34,34;12;26,84;47,36;44,84;36,64;20,88;29,88;37,19;40,33;17,78;21,91;35;49,99;34;31,84;24;34,67;45,07;27,73;26,58;10,73;38,25;40,3;41,14;42,55
Isole;Sicilia;AG;NonCap;159,01;171,71;188,51;155,75;163,88;115,77;195,67;188,86;157,6;149,02;132,09;188,72;174,24;170,22;182,19;144,68;210,18;221,35;152,31;196,01;62,26;140,59;165,86;140,18;145,28;106,46;185,26;159,03;171,06;173,71;134,92;180,36;198,3;166,52;155,16;111,04;198,01;178,37;191,1;190,58
Isole;Sicilia;CL;cap;17,5;31,5;40,8;43,25;28,8;21,91;37,45;39,62;48,85;24,23;20;21,17;28,72;33,5;12,83;39,66;47,33;31,33;34;26,9;35;38,5;32,09;36,88;22,47;25,5;27,5;49,38;36,26;29,96;19;29,65;34,9;36,71;31,2;20;44,97;53,42;55,31;32,67
Isole;Sicilia;CL;NonCap;107,19;116,88;91,78;82,02;61,85;75,9;128,39;111,7;89,15;84,19;113,48;113,18;99,91;97,71;83,52;98,88;128,52;122,88;115,01;93,16;113,43;103,74;104,72;95,99;72,58;85,86;133,98;102,92;81,72;83,04;85,67;140,9;107,73;93,29;72,33;120,55;121,2;136,78;107,26;90,76
Isole;Sicilia;CT;cap;105,88;211,73;237,36;174,98;123,38;124,4;256,78;284,54;202,11;146,86;120,78;216,68;249,63;175,54;150;146,92;303,24;283,24;215,73;160,53;97,84;221,98;261,47;177,84;138,64;103,7;225,37;273,8;208,72;138,87;114,97;235,33;241,1;168,96;123,04;130,26;286,51;294,61;255,62;164,58
Isole;Sicilia;CT;NonCap;131,06;301,55;488,77;425,42;397,47;150,81;377,86;509,32;403,31;406,83;123,84;307,43;471,22;380,27;378,11;161,48;411,56;549,66;455,94;470,19;115,38;325,74;435,49;380,05;363,48;133,8;358,55;478,23;408,29;430,92;156,21;369,36;459,87;378,59;413,51;154,79;414,63;507,14;447,96;434,79
Isole;Sicilia;EN;cap;7;11,25;9,11;14,5;6;3,5;14,5;15,75;15;8;7;11,75;11;22,34;6;3;6;22,89;19,67;15,83;9;12;25,55;19;13;5,5;11;16,83;14;11,1;6;8,21;18,14;14;10;9;10;5;12,43;14,52
Isole;Sicilia;EN;NonCap;38,14;59,67;53,17;47,26;46,23;43,42;43,09;62,48;49,12;61,17;32,56;56,85;68,62;50,2;67,76;50,5;86,86;91,87;66,72;71,13;31,5;55,19;50,94;52,3;48,01;31,69;65,27;70,57;60,71;42,82;34,17;66,09;61,11;46,09;47,85;42,58;70,59;65,03;61,23;68,34
Isole;Sicilia;ME;cap;45,74;165,61;163,58;119,8;81,95;55,89;157,72;184,53;128,92;86,67;40,25;163,76;162,44;103,97;94,61;51,35;212,8;190,55;158,47;96,74;45,47;170,02;159,07;112,53;79,61;33,07;188,17;170,39;123,82;78,38;36,68;158,15;141,12;106,42;72,88;53,22;232,8;196,17;140,79;90,71
Isole;Sicilia;ME;NonCap;107,14;271,1;224,4;146,27;120,9;137,92;329,96;236,18;161,87;144,07;112,47;229,5;197,59;118,37;138,11;127,45;340,11;248,08;182,15;164,41;112,67;265,53;193,59;162,11;135,7;116,71;310,52;224,6;166,66;149,64;101,7;274,6;215,45;170,68;143,77;156,17;419,86;268,28;175,03;184,39
Isole;Sicilia;PA;cap;188,09;341,84;450,03;369,83;259,15;162,77;396,31;488,81;380,82;291,08;146,64;309,35;373,92;315,82;236,41;225,85;437,22;435,03;353,42;301,57;176,34;351,33;385,19;332,07;265,42;209,8;431,33;440,72;381,66;271,37;162,28;329,24;372,61;348,14;269,31;210,57;435,96;453,45;417,39;285,67
Isole;Sicilia;PA;NonCap;131,6;347,49;335,06;290,97;281,31;156,11;347,83;355,2;289,09;295,31;112,85;324,37;301,28;256,39;225,8;186,58;409,37;389,02;307,2;371,69;161,61;319,11;322,74;257,23;250,89;157,89;353,16;385,35;278,7;258,17;153,43;329,3;373,1;270,77;276,32;183,67;360,7;395,95;300,78;345,78
Isole;Sicilia;RG;cap;21,6;62,22;58,17;51,42;42,39;19,54;76,17;73,67;66,12;62,33;14,78;45,79;52,53;44,26;42,83;25,09;59,66;87,44;56,25;43,2;13,42;45;52,42;59,34;58,57;12,02;65,51;60,75;77,5;58,03;17,15;57,49;64,42;63,16;45,32;39,52;82,08;63,36;73,81;58,05
Isole;Sicilia;RG;NonCap;59,14;141,18;174,37;109,57;105,09;48,63;160,67;171,1;137,22;105,56;35,46;155,47;141,81;118,54;99,43;51,53;169,56;174,48;125,88;136,83;70,3;157,59;151,87;107,19;113,51;61,14;152,72;172,79;121,32;135,21;63,62;130,28;126,99;126,45;112,57;83,61;231,26;185,45;137,46;146,27
Isole;Sicilia;SR;cap;38,75;99,34;79,43;91,99;74,97;38,01;99,37;108,73;91,5;80,12;30,67;100,13;101,25;90,04;88,62;53;118,04;102,2;117,54;79,88;32,35;107,69;104,13;92,61;71,59;46,69;95,34;107,45;93,13;90;31,3;102,18;94,27;91,4;76,89;47,6;138,69;112,72;102,63;93,38
Isole;Sicilia;SR;NonCap;59,08;178,16;184,23;113,96;133,67;86,26;192,05;157,72;157,23;146,38;79,05;151,14;149,5;133,59;119,65;92,11;196,14;202,91;143,67;135,99;67,75;149,44;159,79;147,97;128,59;74,7;233,46;206,95;149,02;134,01;84,67;151,58;149,45;140,3;134;94,72;225,39;189,54;158,72;149,15
Isole;Sicilia;TP;cap;32,06;48,95;34,6;44,96;24,33;25,9;40,96;50,17;50,78;27;24,73;39,08;33,85;39,67;27,17;30,61;53,22;44,33;42,67;40;37,11;46,14;33,61;50,84;27,22;36,23;59,49;46,32;48,19;27,76;34,83;43,82;44,61;26,42;26,33;36,13;66,53;31,52;44,44;47,3
Isole;Sicilia;TP;NonCap;61,46;181,68;201,27;182,5;204,17;57,67;198,07;209,21;192,15;203,2;43,78;182,94;183,35;174,09;192,38;59,41;205,26;226,39;194,79;257,11;57,42;185,76;202,68;195,14;183,6;70;199,07;199,54;213,45;253,81;63,23;128,58;171,61;182,71;215,66;89,96;234,68;204,71;190,08;234,35
