Municipality,Province,Region,Population
Altino,Chieti,Abruzzo,3031
Archi,Chieti,Abruzzo,1941
Ari,Chieti,Abruzzo,1065
Arielli,Chieti,Abruzzo,1048
Atessa,Chieti,Abruzzo,10319
Bomba,Chieti,Abruzzo,708
Borrello,Chieti,Abruzzo,356
Bucchianico,Chieti,Abruzzo,4923
Canosa Sannita,Chieti,Abruzzo,1237
Carpineto Sinello,Chieti,Abruzzo,498
Carunchio,Chieti,Abruzzo,541
Casacanditella,Chieti,Abruzzo,1177
Casalanguida,Chieti,Abruzzo,812
Casalbordino,Chieti,Abruzzo,5715
Casalincontrada,Chieti,Abruzzo,2973
Casoli,Chieti,Abruzzo,5119
Castel Frentano,Chieti,Abruzzo,4256
Castelguidone,Chieti,Abruzzo,285
Castiglione Messer Marino,Chieti,Abruzzo,1465
Celenza sul Trigno,Chieti,Abruzzo,784
Civitaluparella,Chieti,Abruzzo,284
Civitella Messer Raimondo,Chieti,Abruzzo,763
Colledimacine,Chieti,Abruzzo,153
Colledimezzo,Chieti,Abruzzo,440
Crecchio,Chieti,Abruzzo,2618
Cupello,Chieti,Abruzzo,4790
Dogliola,Chieti,Abruzzo,314
Fallo,Chieti,Abruzzo,116
Fara Filiorum Petri,Chieti,Abruzzo,1982
Fara San Martino,Chieti,Abruzzo,1272
Filetto,Chieti,Abruzzo,832
Fossacesia,Chieti,Abruzzo,6227
Fraine,Chieti,Abruzzo,257
Francavilla al Mare,Chieti,Abruzzo,25543
Fresagrandinaria,Chieti,Abruzzo,905
Frisa,Chieti,Abruzzo,1621
Furci,Chieti,Abruzzo,800
Gamberale,Chieti,Abruzzo,273
Gessopalena,Chieti,Abruzzo,1172
Gissi,Chieti,Abruzzo,2445
Giuliano Teatino,Chieti,Abruzzo,1126
Guardiagrele,Chieti,Abruzzo,8273
Guilmi,Chieti,Abruzzo,417
Lama dei Peligni,Chieti,Abruzzo,1048
Lentella,Chieti,Abruzzo,650
Lettopalena,Chieti,Abruzzo,314
Liscia,Chieti,Abruzzo,643
Miglianico,Chieti,Abruzzo,4622
Montazzoli,Chieti,Abruzzo,808
Montebello sul Sangro,Chieti,Abruzzo,87
Monteferrante,Chieti,Abruzzo,107
Montelapiano,Chieti,Abruzzo,69
Montenerodomo,Chieti,Abruzzo,596
Monteodorisio,Chieti,Abruzzo,2338
Mozzagrogna,Chieti,Abruzzo,2429
Orsogna,Chieti,Abruzzo,3639
Ortona,Chieti,Abruzzo,22099
Paglieta,Chieti,Abruzzo,4155
Palena,Chieti,Abruzzo,1220
Palmoli,Chieti,Abruzzo,815
Palombaro,Chieti,Abruzzo,944
Pennadomo,Chieti,Abruzzo,207
Pennapiedimonte,Chieti,Abruzzo,399
Perano,Chieti,Abruzzo,1481
Pietraferrazzana,Chieti,Abruzzo,128
Pizzoferrato,Chieti,Abruzzo,967
Poggiofiorito,Chieti,Abruzzo,777
Pollutri,Chieti,Abruzzo,2068
Pretoro,Chieti,Abruzzo,868
Quadri,Chieti,Abruzzo,691
Rapino,Chieti,Abruzzo,1158
Ripa Teatina,Chieti,Abruzzo,3879
Rocca San Giovanni,Chieti,Abruzzo,2307
Roccamontepiano,Chieti,Abruzzo,1574
Roccascalegna,Chieti,Abruzzo,1032
Roccaspinalveti,Chieti,Abruzzo,1161
Roio del Sangro,Chieti,Abruzzo,97
Rosello,Chieti,Abruzzo,166
San Buono,Chieti,Abruzzo,854
San Giovanni Lipioni,Chieti,Abruzzo,137
San Giovanni Teatino,Chieti,Abruzzo,14451
San Martino sulla Marrucina,Chieti,Abruzzo,842
San Salvo,Chieti,Abruzzo,19776
San Vito Chietino,Chieti,Abruzzo,5185
Sant'Eusanio del Sangro,Chieti,Abruzzo,2253
Santa Maria Imbaro,Chieti,Abruzzo,1996
Scerni,Chieti,Abruzzo,2941
Schiavi di Abruzzo,Chieti,Abruzzo,651
Taranta Peligna,Chieti,Abruzzo,290
Tollo,Chieti,Abruzzo,3884
Torino di Sangro,Chieti,Abruzzo,2899
Tornareccio,Chieti,Abruzzo,1644
Torrebruna,Chieti,Abruzzo,668
Torrevecchia Teatina,Chieti,Abruzzo,4211
Torricella Peligna,Chieti,Abruzzo,1121
Treglio,Chieti,Abruzzo,1711
Tufillo,Chieti,Abruzzo,334
Vacri,Chieti,Abruzzo,1494
Villa Santa Maria,Chieti,Abruzzo,1111
Villalfonsina,Chieti,Abruzzo,878
Villamagna,Chieti,Abruzzo,2148
Acciano,L'Aquila,Abruzzo,256
Aielli,L'Aquila,Abruzzo,1374
Alfedena,L'Aquila,Abruzzo,913
Anversa degli Abruzzi,L'Aquila,Abruzzo,308
Ateleta,L'Aquila,Abruzzo,1099
Balsorano,L'Aquila,Abruzzo,3253
Barete,L'Aquila,Abruzzo,631
Barisciano,L'Aquila,Abruzzo,1655
Barrea,L'Aquila,Abruzzo,704
Bisegna,L'Aquila,Abruzzo,214
Bugnara,L'Aquila,Abruzzo,1008
Cagnano Amiterno,L'Aquila,Abruzzo,1107
Calascio,L'Aquila,Abruzzo,125
Campo di Giove,L'Aquila,Abruzzo,747
Campotosto,L'Aquila,Abruzzo,457
Canistro,L'Aquila,Abruzzo,882
Cansano,L'Aquila,Abruzzo,215
Capestrano,L'Aquila,Abruzzo,824
Capistrello,L'Aquila,Abruzzo,4730
Capitignano,L'Aquila,Abruzzo,623
Caporciano,L'Aquila,Abruzzo,201
Cappadocia,L'Aquila,Abruzzo,576
Carapelle Calvisio,L'Aquila,Abruzzo,78
Carsoli,L'Aquila,Abruzzo,4974
Castel del Monte,L'Aquila,Abruzzo,400
Castel di Ieri,L'Aquila,Abruzzo,292
Castel di Sangro,L'Aquila,Abruzzo,6598
Castellafiume,L'Aquila,Abruzzo,1042
Castelvecchio Calvisio,L'Aquila,Abruzzo,120
Castelvecchio Subequo,L'Aquila,Abruzzo,820
Celano,L'Aquila,Abruzzo,10195
Cerchio,L'Aquila,Abruzzo,1538
Civita d'Antino,L'Aquila,Abruzzo,947
Civitella Alfedena,L'Aquila,Abruzzo,294
Civitella Roveto,L'Aquila,Abruzzo,3010
Cocullo,L'Aquila,Abruzzo,211
Collarmele,L'Aquila,Abruzzo,782
Collelongo,L'Aquila,Abruzzo,1070
Collepietro,L'Aquila,Abruzzo,198
Corfinio,L'Aquila,Abruzzo,957
Fagnano Alto,L'Aquila,Abruzzo,351
Fontecchio,L'Aquila,Abruzzo,286
Fossa,L'Aquila,Abruzzo,658
Gagliano Aterno,L'Aquila,Abruzzo,225
Gioia dei Marsi,L'Aquila,Abruzzo,1710
Goriano Sicoli,L'Aquila,Abruzzo,516
Introdacqua,L'Aquila,Abruzzo,1942
Lecce nei Marsi,L'Aquila,Abruzzo,1531
Luco dei Marsi,L'Aquila,Abruzzo,5923
Lucoli,L'Aquila,Abruzzo,824
Magliano de' Marsi,L'Aquila,Abruzzo,3466
Massa d'Albe,L'Aquila,Abruzzo,1337
Molina Aterno,L'Aquila,Abruzzo,344
Montereale,L'Aquila,Abruzzo,2195
Morino,L'Aquila,Abruzzo,1302
Navelli,L'Aquila,Abruzzo,569
Ocre,L'Aquila,Abruzzo,1098
Ofena,L'Aquila,Abruzzo,434
Opi,L'Aquila,Abruzzo,377
Oricola,L'Aquila,Abruzzo,1271
Ortona dei Marsi,L'Aquila,Abruzzo,386
Ortucchio,L'Aquila,Abruzzo,1733
Ovindoli,L'Aquila,Abruzzo,1170
Pacentro,L'Aquila,Abruzzo,1085
Pereto,L'Aquila,Abruzzo,639
Pescasseroli,L'Aquila,Abruzzo,2056
Pescina,L'Aquila,Abruzzo,3670
Pescocostanzo,L'Aquila,Abruzzo,1086
Pettorano sul Gizio,L'Aquila,Abruzzo,1280
Pizzoli,L'Aquila,Abruzzo,4299
Poggio Picenze,L'Aquila,Abruzzo,1010
Prata d'Ansidonia,L'Aquila,Abruzzo,447
Pratola Peligna,L'Aquila,Abruzzo,7019
Prezza,L'Aquila,Abruzzo,847
Raiano,L'Aquila,Abruzzo,2618
Rivisondoli,L'Aquila,Abruzzo,645
Rocca di Botte,L'Aquila,Abruzzo,855
Rocca di Cambio,L'Aquila,Abruzzo,506
Rocca di Mezzo,L'Aquila,Abruzzo,1353
Rocca Pia,L'Aquila,Abruzzo,178
Roccacasale,L'Aquila,Abruzzo,588
Roccaraso,L'Aquila,Abruzzo,1485
San Benedetto dei Marsi,L'Aquila,Abruzzo,3703
San Benedetto in Perillis,L'Aquila,Abruzzo,98
San Demetrio ne' Vestini,L'Aquila,Abruzzo,1948
San Pio delle Camere,L'Aquila,Abruzzo,650
San Vincenzo Valle Roveto,L'Aquila,Abruzzo,2072
Sant'Eusanio Forconese,L'Aquila,Abruzzo,365
Sante Marie,L'Aquila,Abruzzo,1068
Santo Stefano di Sessanio,L'Aquila,Abruzzo,110
Scanno,L'Aquila,Abruzzo,1697
Scontrone,L'Aquila,Abruzzo,540
Scoppito,L'Aquila,Abruzzo,3789
Scurcola Marsicana,L'Aquila,Abruzzo,2674
Secinaro,L'Aquila,Abruzzo,300
Sulmona,L'Aquila,Abruzzo,21960
Tagliacozzo,L'Aquila,Abruzzo,6427
Tione degli Abruzzi,L'Aquila,Abruzzo,258
Tornimparte,L'Aquila,Abruzzo,2749
Trasacco,L'Aquila,Abruzzo,5790
Villa Sant'Angelo,L'Aquila,Abruzzo,489
Villa Santa Lucia degli Abruzzi,L'Aquila,Abruzzo,88
Villalago,L'Aquila,Abruzzo,503
Villavallelonga,L'Aquila,Abruzzo,826
Villetta Barrea,L'Aquila,Abruzzo,608
Vittorito,L'Aquila,Abruzzo,819
Abbateggio,Pescara,Abruzzo,357
Alanno,Pescara,Abruzzo,3325
Bolognano,Pescara,Abruzzo,1004
Brittoli,Pescara,Abruzzo,249
Bussi sul Tirino,Pescara,Abruzzo,2265
Cappelle sul Tavo,Pescara,Abruzzo,4053
Caramanico Terme,Pescara,Abruzzo,1766
Carpineto della Nora,Pescara,Abruzzo,521
Castiglione a Casauria,Pescara,Abruzzo,712
Catignano,Pescara,Abruzzo,1240
Cepagatti,Pescara,Abruzzo,10980
Città Sant'Angelo,Pescara,Abruzzo,14886
Civitaquana,Pescara,Abruzzo,1124
Civitella Casanova,Pescara,Abruzzo,1572
Collecorvino,Pescara,Abruzzo,6013
Corvara,Pescara,Abruzzo,213
Cugnoli,Pescara,Abruzzo,1336
Elice,Pescara,Abruzzo,1630
Farindola,Pescara,Abruzzo,1328
Lettomanoppello,Pescara,Abruzzo,2666
Loreto Aprutino,Pescara,Abruzzo,7050
Manoppello,Pescara,Abruzzo,6744
Montebello di Bertona,Pescara,Abruzzo,843
Moscufo,Pescara,Abruzzo,3072
Nocciano,Pescara,Abruzzo,1692
Penne,Pescara,Abruzzo,11094
Pescosansonesco,Pescara,Abruzzo,447
Pianella,Pescara,Abruzzo,8527
Picciano,Pescara,Abruzzo,1264
Pietranico,Pescara,Abruzzo,435
Popoli Terme,Pescara,Abruzzo,4674
Roccamorice,Pescara,Abruzzo,867
Rosciano,Pescara,Abruzzo,4047
Salle,Pescara,Abruzzo,259
San Valentino in Abruzzo Citeriore,Pescara,Abruzzo,1813
Sant'Eufemia a Maiella,Pescara,Abruzzo,252
Scafa,Pescara,Abruzzo,3468
Serramonacesca,Pescara,Abruzzo,496
Spoltore,Pescara,Abruzzo,19066
Tocco da Casauria,Pescara,Abruzzo,2375
Torre de' Passeri,Pescara,Abruzzo,2846
Turrivalignani,Pescara,Abruzzo,800
Vicoli,Pescara,Abruzzo,378
Villa Celiera,Pescara,Abruzzo,543
Alba Adriatica,Teramo,Abruzzo,13097
Ancarano,Teramo,Abruzzo,1871
Arsita,Teramo,Abruzzo,732
Atri,Teramo,Abruzzo,9935
Basciano,Teramo,Abruzzo,2314
Bellante,Teramo,Abruzzo,6835
Bisenti,Teramo,Abruzzo,1678
Campli,Teramo,Abruzzo,6536
Canzano,Teramo,Abruzzo,1769
Castel Castagna,Teramo,Abruzzo,424
Castellalto,Teramo,Abruzzo,7248
Castelli,Teramo,Abruzzo,944
Castiglione Messer Raimondo,Teramo,Abruzzo,1992
Castilenti,Teramo,Abruzzo,1314
Cellino Attanasio,Teramo,Abruzzo,2208
Cermignano,Teramo,Abruzzo,1438
Civitella del Tronto,Teramo,Abruzzo,4575
Colledara,Teramo,Abruzzo,2077
Colonnella,Teramo,Abruzzo,3669
Controguerra,Teramo,Abruzzo,2213
Corropoli,Teramo,Abruzzo,5077
Cortino,Teramo,Abruzzo,572
Crognaleto,Teramo,Abruzzo,1059
Fano Adriano,Teramo,Abruzzo,262
Giulianova,Teramo,Abruzzo,23510
Isola del Gran Sasso d'Italia,Teramo,Abruzzo,4436
Martinsicuro,Teramo,Abruzzo,16359
Montefino,Teramo,Abruzzo,929
Montorio al Vomano,Teramo,Abruzzo,7418
Morro d'Oro,Teramo,Abruzzo,3547
Mosciano Sant'Angelo,Teramo,Abruzzo,9135
Nereto,Teramo,Abruzzo,5362
Notaresco,Teramo,Abruzzo,6304
Penna Sant'Andrea,Teramo,Abruzzo,1658
Pietracamela,Teramo,Abruzzo,207
Pineto,Teramo,Abruzzo,14687
Rocca Santa Maria,Teramo,Abruzzo,454
Roseto degli Abruzzi,Teramo,Abruzzo,25617
Sant'Egidio alla Vibrata,Teramo,Abruzzo,9790
Sant'Omero,Teramo,Abruzzo,5132
Silvi,Teramo,Abruzzo,15455
Torano Nuovo,Teramo,Abruzzo,1460
Torricella Sicura,Teramo,Abruzzo,2413
Tortoreto,Teramo,Abruzzo,11870
Tossicia,Teramo,Abruzzo,1217
Valle Castellana,Teramo,Abruzzo,845
Accettura,Matera,Basilicata,1602
Aliano,Matera,Basilicata,859
Bernalda,Matera,Basilicata,11912
Calciano,Matera,Basilicata,655
Cirigliano,Matera,Basilicata,273
Colobraro,Matera,Basilicata,1055
Craco,Matera,Basilicata,592
Ferrandina,Matera,Basilicata,7922
Garaguso,Matera,Basilicata,940
Gorgoglione,Matera,Basilicata,850
Grassano,Matera,Basilicata,4655
Grottole,Matera,Basilicata,1985
Irsina,Matera,Basilicata,4364
Miglionico,Matera,Basilicata,2358
Montalbano Jonico,Matera,Basilicata,6612
Montescaglioso,Matera,Basilicata,9252
Nova Siri,Matera,Basilicata,6810
Oliveto Lucano,Matera,Basilicata,345
Pisticci,Matera,Basilicata,16864
Policoro,Matera,Basilicata,17738
Pomarico,Matera,Basilicata,3767
Rotondella,Matera,Basilicata,2404
Salandra,Matera,Basilicata,2486
San Giorgio Lucano,Matera,Basilicata,1010
San Mauro Forte,Matera,Basilicata,1233
Scanzano Jonico,Matera,Basilicata,7491
Stigliano,Matera,Basilicata,3523
Tricarico,Matera,Basilicata,4710
Tursi,Matera,Basilicata,4748
Valsinni,Matera,Basilicata,1314
Abriola,Potenza,Basilicata,1269
Acerenza,Potenza,Basilicata,2074
Albano di Lucania,Potenza,Basilicata,1309
Anzi,Potenza,Basilicata,1504
Armento,Potenza,Basilicata,547
Atella,Potenza,Basilicata,3632
Avigliano,Potenza,Basilicata,10555
Balvano,Potenza,Basilicata,1692
Banzi,Potenza,Basilicata,1163
Baragiano,Potenza,Basilicata,2469
Barile,Potenza,Basilicata,2569
Bella,Potenza,Basilicata,4666
Brienza,Potenza,Basilicata,3853
Brindisi Montagna,Potenza,Basilicata,774
Calvello,Potenza,Basilicata,1774
Calvera,Potenza,Basilicata,355
Campomaggiore,Potenza,Basilicata,704
Cancellara,Potenza,Basilicata,1131
Carbone,Potenza,Basilicata,500
Castelgrande,Potenza,Basilicata,807
Castelluccio Inferiore,Potenza,Basilicata,1911
Castelluccio Superiore,Potenza,Basilicata,703
Castelmezzano,Potenza,Basilicata,704
Castelsaraceno,Potenza,Basilicata,1148
Castronuovo di Sant'Andrea,Potenza,Basilicata,862
Cersosimo,Potenza,Basilicata,513
Chiaromonte,Potenza,Basilicata,1722
Corleto Perticara,Potenza,Basilicata,2283
Episcopia,Potenza,Basilicata,1267
Fardella,Potenza,Basilicata,570
Filiano,Potenza,Basilicata,2687
Forenza,Potenza,Basilicata,1795
Francavilla in Sinni,Potenza,Basilicata,3875
Gallicchio,Potenza,Basilicata,786
Genzano di Lucania,Potenza,Basilicata,5183
Ginestra,Potenza,Basilicata,671
Grumento Nova,Potenza,Basilicata,1538
Guardia Perticara,Potenza,Basilicata,526
Lagonegro,Potenza,Basilicata,4989
Latronico,Potenza,Basilicata,4016
Laurenzana,Potenza,Basilicata,1563
Lauria,Potenza,Basilicata,11771
Lavello,Potenza,Basilicata,12922
Maratea,Potenza,Basilicata,4609
Marsico Nuovo,Potenza,Basilicata,3775
Marsicovetere,Potenza,Basilicata,5668
Maschito,Potenza,Basilicata,1454
Melfi,Potenza,Basilicata,17031
Missanello,Potenza,Basilicata,480
Moliterno,Potenza,Basilicata,3526
Montemilone,Potenza,Basilicata,1372
Montemurro,Potenza,Basilicata,1057
Muro Lucano,Potenza,Basilicata,4897
Nemoli,Potenza,Basilicata,1374
Noepoli,Potenza,Basilicata,739
Oppido Lucano,Potenza,Basilicata,3524
Palazzo San Gervasio,Potenza,Basilicata,4360
Paterno,Potenza,Basilicata,2993
Pescopagano,Potenza,Basilicata,1648
Picerno,Potenza,Basilicata,5612
Pietragalla,Potenza,Basilicata,3818
Pietrapertosa,Potenza,Basilicata,870
Pignola,Potenza,Basilicata,6811
Rapolla,Potenza,Basilicata,4137
Rapone,Potenza,Basilicata,841
Rionero in Vulture,Potenza,Basilicata,12446
Ripacandida,Potenza,Basilicata,1565
Rivello,Potenza,Basilicata,2513
Roccanova,Potenza,Basilicata,1288
Rotonda,Potenza,Basilicata,3147
Ruoti,Potenza,Basilicata,3236
Ruvo del Monte,Potenza,Basilicata,974
San Chirico Nuovo,Potenza,Basilicata,1138
San Chirico Raparo,Potenza,Basilicata,914
San Costantino Albanese,Potenza,Basilicata,601
San Fele,Potenza,Basilicata,2533
San Martino d'Agri,Potenza,Basilicata,643
San Paolo Albanese,Potenza,Basilicata,215
San Severino Lucano,Potenza,Basilicata,1373
Sant'Angelo Le Fratte,Potenza,Basilicata,1290
Sant'Arcangelo,Potenza,Basilicata,5955
Sarconi,Potenza,Basilicata,1422
Sasso di Castalda,Potenza,Basilicata,725
Satriano di Lucania,Potenza,Basilicata,2262
Savoia di Lucania,Potenza,Basilicata,986
Senise,Potenza,Basilicata,6463
Spinoso,Potenza,Basilicata,1296
Teana,Potenza,Basilicata,509
Terranova di Pollino,Potenza,Basilicata,1006
Tito,Potenza,Basilicata,7053
Tolve,Potenza,Basilicata,2933
Tramutola,Potenza,Basilicata,2876
Trecchina,Potenza,Basilicata,2148
Trivigno,Potenza,Basilicata,581
Vaglio Basilicata,Potenza,Basilicata,1831
Venosa,Potenza,Basilicata,10795
Vietri di Potenza,Potenza,Basilicata,2650
Viggianello,Potenza,Basilicata,2659
Viggiano,Potenza,Basilicata,3208
Africo,-,Calabria,2701
Agnana Calabra,-,Calabria,456
Anoia,-,Calabria,2019
Antonimina,-,Calabria,1178
Ardore,-,Calabria,4841
Bagaladi,-,Calabria,929
Bagnara Calabra,-,Calabria,9238
Benestare,-,Calabria,2481
Bianco,-,Calabria,4241
Bivongi,-,Calabria,1166
Bova,-,Calabria,423
Bova Marina,-,Calabria,4067
Bovalino,-,Calabria,8677
Brancaleone,-,Calabria,3235
Bruzzano Zeffirio,-,Calabria,1013
Calanna,-,Calabria,748
Camini,-,Calabria,782
Campo Calabro,-,Calabria,4471
Candidoni,-,Calabria,420
Canolo,-,Calabria,688
Caraffa del Bianco,-,Calabria,451
Cardeto,-,Calabria,1285
Careri,-,Calabria,2100
Casignana,-,Calabria,670
Caulonia,-,Calabria,6704
Ciminà,-,Calabria,522
Cinquefrondi,-,Calabria,6242
Cittanova,-,Calabria,9632
Condofuri,-,Calabria,4550
Cosoleto,-,Calabria,753
Delianuova,-,Calabria,3056
Feroleto della Chiesa,-,Calabria,1518
Ferruzzano,-,Calabria,733
Fiumara,-,Calabria,840
Galatro,-,Calabria,1444
Gerace,-,Calabria,2313
Giffone,-,Calabria,1606
Gioia Tauro,-,Calabria,19280
Gioiosa Ionica,-,Calabria,6840
Grotteria,-,Calabria,2844
Laganadi,-,Calabria,335
Laureana di Borrello,-,Calabria,4602
Locri,-,Calabria,11815
Mammola,-,Calabria,2426
Marina di Gioiosa Ionica,-,Calabria,6307
Maropati,-,Calabria,1308
Martone,-,Calabria,491
Melicuccà,-,Calabria,805
Melicucco,-,Calabria,4858
Melito di Porto Salvo,-,Calabria,10453
Molochio,-,Calabria,2199
Monasterace,-,Calabria,3272
Montebello Jonico,-,Calabria,5575
Motta San Giovanni,-,Calabria,5522
Oppido Mamertina,-,Calabria,4725
Palizzi,-,Calabria,1903
Palmi,-,Calabria,18117
Pazzano,-,Calabria,487
Placanica,-,Calabria,1023
Platì,-,Calabria,3747
Polistena,-,Calabria,9877
Portigliola,-,Calabria,1019
Riace,-,Calabria,1785
Rizziconi,-,Calabria,7669
Roccaforte del Greco,-,Calabria,317
Roccella Ionica,-,Calabria,6131
Roghudi,-,Calabria,932
Rosarno,-,Calabria,14419
Samo,-,Calabria,699
San Ferdinando,-,Calabria,4338
San Giorgio Morgeto,-,Calabria,2949
San Giovanni di Gerace,-,Calabria,408
San Lorenzo,-,Calabria,2159
San Luca,-,Calabria,3390
San Pietro di Caridà,-,Calabria,985
San Procopio,-,Calabria,480
San Roberto,-,Calabria,1516
Sant'Agata del Bianco,-,Calabria,556
Sant'Alessio in Aspromonte,-,Calabria,316
Sant'Eufemia d'Aspromonte,-,Calabria,3685
Sant'Ilario dello Ionio,-,Calabria,1316
Santa Cristina d'Aspromonte,-,Calabria,736
Santo Stefano in Aspromonte,-,Calabria,1029
Scido,-,Calabria,790
Scilla,-,Calabria,4517
Seminara,-,Calabria,2457
Serrata,-,Calabria,785
Siderno,-,Calabria,17558
Sinopoli,-,Calabria,1862
Staiti,-,Calabria,174
Stignano,-,Calabria,1172
Stilo,-,Calabria,2337
Taurianova,-,Calabria,14763
Terranova Sappo Minulio,-,Calabria,430
Varapodio,-,Calabria,2016
Villa San Giovanni,-,Calabria,12775
Albi,Catanzaro,Calabria,779
Amaroni,Catanzaro,Calabria,1642
Amato,Catanzaro,Calabria,785
Andali,Catanzaro,Calabria,614
Argusto,Catanzaro,Calabria,423
Badolato,Catanzaro,Calabria,2827
Belcastro,Catanzaro,Calabria,1229
Borgia,Catanzaro,Calabria,7226
Botricello,Catanzaro,Calabria,4984
Caraffa di Catanzaro,Catanzaro,Calabria,1702
Cardinale,Catanzaro,Calabria,1794
Carlopoli,Catanzaro,Calabria,1335
Cenadi,Catanzaro,Calabria,515
Centrache,Catanzaro,Calabria,350
Cerva,Catanzaro,Calabria,1052
Chiaravalle Centrale,Catanzaro,Calabria,5105
Cicala,Catanzaro,Calabria,851
Conflenti,Catanzaro,Calabria,1308
Cortale,Catanzaro,Calabria,1825
Cropani,Catanzaro,Calabria,4749
Curinga,Catanzaro,Calabria,6454
Davoli,Catanzaro,Calabria,5657
Decollatura,Catanzaro,Calabria,2847
Falerna,Catanzaro,Calabria,3873
Feroleto Antico,Catanzaro,Calabria,1956
Fossato Serralta,Catanzaro,Calabria,548
Gagliato,Catanzaro,Calabria,423
Gasperina,Catanzaro,Calabria,1869
Gimigliano,Catanzaro,Calabria,2956
Girifalco,Catanzaro,Calabria,5434
Gizzeria,Catanzaro,Calabria,5245
Guardavalle,Catanzaro,Calabria,4118
Isca sullo Ionio,Catanzaro,Calabria,1469
Jacurso,Catanzaro,Calabria,528
Magisano,Catanzaro,Calabria,1076
Maida,Catanzaro,Calabria,4493
Marcedusa,Catanzaro,Calabria,369
Marcellinara,Catanzaro,Calabria,2173
Martirano,Catanzaro,Calabria,822
Martirano Lombardo,Catanzaro,Calabria,948
Miglierina,Catanzaro,Calabria,699
Montauro,Catanzaro,Calabria,1852
Montepaone,Catanzaro,Calabria,5747
Motta Santa Lucia,Catanzaro,Calabria,797
Nocera Terinese,Catanzaro,Calabria,4713
Olivadi,Catanzaro,Calabria,490
Palermiti,Catanzaro,Calabria,1025
Pentone,Catanzaro,Calabria,1844
Petrizzi,Catanzaro,Calabria,1002
Petronà,Catanzaro,Calabria,2348
Pianopoli,Catanzaro,Calabria,2547
Platania,Catanzaro,Calabria,1943
San Floro,Catanzaro,Calabria,695
San Mango d'Aquino,Catanzaro,Calabria,1409
San Pietro a Maida,Catanzaro,Calabria,3801
San Pietro Apostolo,Catanzaro,Calabria,1493
San Sostene,Catanzaro,Calabria,1409
San Vito sullo Ionio,Catanzaro,Calabria,1576
Sant'Andrea Apostolo dello Ionio,Catanzaro,Calabria,1672
Santa Caterina dello Ionio,Catanzaro,Calabria,1922
Satriano,Catanzaro,Calabria,3391
Sellia,Catanzaro,Calabria,475
Sellia Marina,Catanzaro,Calabria,7702
Serrastretta,Catanzaro,Calabria,2901
Sersale,Catanzaro,Calabria,4196
Settingiano,Catanzaro,Calabria,3268
Simeri Crichi,Catanzaro,Calabria,4712
Sorbo San Basile,Catanzaro,Calabria,735
Soverato,Catanzaro,Calabria,8569
Soveria Mannelli,Catanzaro,Calabria,2784
Soveria Simeri,Catanzaro,Calabria,1452
Squillace,Catanzaro,Calabria,3577
Stalettì,Catanzaro,Calabria,2384
Taverna,Catanzaro,Calabria,2502
Tiriolo,Catanzaro,Calabria,3536
Torre di Ruggiero,Catanzaro,Calabria,946
Vallefiorita,Catanzaro,Calabria,1443
Zagarise,Catanzaro,Calabria,1394
Acquaformosa,Cosenza,Calabria,959
Acquappesa,Cosenza,Calabria,1748
Acri,Cosenza,Calabria,18548
Aiello Calabro,Cosenza,Calabria,1374
Aieta,Cosenza,Calabria,742
Albidona,Cosenza,Calabria,1109
Alessandria del Carretto,Cosenza,Calabria,352
Altilia,Cosenza,Calabria,687
Altomonte,Cosenza,Calabria,3993
Amantea,Cosenza,Calabria,13829
Amendolara,Cosenza,Calabria,2671
Aprigliano,Cosenza,Calabria,2345
Belmonte Calabro,Cosenza,Calabria,1698
Belsito,Cosenza,Calabria,900
Belvedere Marittimo,Cosenza,Calabria,9032
Bianchi,Cosenza,Calabria,1174
Bisignano,Cosenza,Calabria,9480
Bocchigliero,Cosenza,Calabria,1050
Bonifati,Cosenza,Calabria,2551
Buonvicino,Cosenza,Calabria,1992
Calopezzati,Cosenza,Calabria,1252
Caloveto,Cosenza,Calabria,1087
Campana,Cosenza,Calabria,1435
Canna,Cosenza,Calabria,610
Cariati,Cosenza,Calabria,7525
Carolei,Cosenza,Calabria,3106
Carpanzano,Cosenza,Calabria,195
Casali del Manco,Cosenza,Calabria,9410
Cassano all'Ionio,Cosenza,Calabria,16432
Castiglione Cosentino,Cosenza,Calabria,2688
Castrolibero,Cosenza,Calabria,9177
Castroregio,Cosenza,Calabria,220
Castrovillari,Cosenza,Calabria,20673
Celico,Cosenza,Calabria,2517
Cellara,Cosenza,Calabria,481
Cerchiara di Calabria,Cosenza,Calabria,2140
Cerisano,Cosenza,Calabria,2905
Cervicati,Cosenza,Calabria,787
Cerzeto,Cosenza,Calabria,1217
Cetraro,Cosenza,Calabria,9356
Civita,Cosenza,Calabria,809
Cleto,Cosenza,Calabria,1207
Colosimi,Cosenza,Calabria,1111
Cropalati,Cosenza,Calabria,986
Crosia,Cosenza,Calabria,9679
Diamante,Cosenza,Calabria,4996
Dipignano,Cosenza,Calabria,4054
Domanico,Cosenza,Calabria,930
Fagnano Castello,Cosenza,Calabria,3343
Falconara Albanese,Cosenza,Calabria,1478
Figline Vegliaturo,Cosenza,Calabria,1106
Firmo,Cosenza,Calabria,1817
Fiumefreddo Bruzio,Cosenza,Calabria,3168
Francavilla Marittima,Cosenza,Calabria,2769
Frascineto,Cosenza,Calabria,1874
Fuscaldo,Cosenza,Calabria,7790
Grimaldi,Cosenza,Calabria,1518
Grisolia,Cosenza,Calabria,2189
Guardia Piemontese,Cosenza,Calabria,1775
Lago,Cosenza,Calabria,2298
Laino Borgo,Cosenza,Calabria,1692
Laino Castello,Cosenza,Calabria,769
Lappano,Cosenza,Calabria,868
Lattarico,Cosenza,Calabria,3728
Longobardi,Cosenza,Calabria,2886
Longobucco,Cosenza,Calabria,2548
Lungro,Cosenza,Calabria,2133
Luzzi,Cosenza,Calabria,8735
Maierà,Cosenza,Calabria,1123
Malito,Cosenza,Calabria,717
Malvito,Cosenza,Calabria,1617
Mandatoriccio,Cosenza,Calabria,2423
Mangone,Cosenza,Calabria,1910
Marano Marchesato,Cosenza,Calabria,3348
Marano Principato,Cosenza,Calabria,3023
Marzi,Cosenza,Calabria,978
Mendicino,Cosenza,Calabria,9004
Mongrassano,Cosenza,Calabria,1457
Montalto Uffugo,Cosenza,Calabria,20111
Montegiordano,Cosenza,Calabria,1542
Morano Calabro,Cosenza,Calabria,3826
Mormanno,Cosenza,Calabria,2573
Mottafollone,Cosenza,Calabria,1073
Nocara,Cosenza,Calabria,309
Oriolo,Cosenza,Calabria,1828
Orsomarso,Cosenza,Calabria,1090
Paludi,Cosenza,Calabria,972
Panettieri,Cosenza,Calabria,310
Paola,Cosenza,Calabria,14809
Papasidero,Cosenza,Calabria,604
Parenti,Cosenza,Calabria,1980
Paterno Calabro,Cosenza,Calabria,1329
Pedivigliano,Cosenza,Calabria,730
Piane Crati,Cosenza,Calabria,1330
Pietrafitta,Cosenza,Calabria,1156
Pietrapaola,Cosenza,Calabria,1004
Plataci,Cosenza,Calabria,639
Praia a Mare,Cosenza,Calabria,6379
Rocca Imperiale,Cosenza,Calabria,3165
Roggiano Gravina,Cosenza,Calabria,6772
Rogliano,Cosenza,Calabria,5172
Rose,Cosenza,Calabria,4124
Roseto Capo Spulico,Cosenza,Calabria,1872
Rota Greca,Cosenza,Calabria,956
Rovito,Cosenza,Calabria,2971
San Basile,Cosenza,Calabria,916
San Benedetto Ullano,Cosenza,Calabria,1367
San Cosmo Albanese,Cosenza,Calabria,558
San Demetrio Corone,Cosenza,Calabria,3009
San Donato di Ninea,Cosenza,Calabria,1076
San Fili,Cosenza,Calabria,2475
San Giorgio Albanese,Cosenza,Calabria,1308
San Giovanni in Fiore,Cosenza,Calabria,15710
San Lorenzo Bellizzi,Cosenza,Calabria,511
San Lorenzo del Vallo,Cosenza,Calabria,3080
San Lucido,Cosenza,Calabria,6911
San Marco Argentano,Cosenza,Calabria,6862
San Martino di Finita,Cosenza,Calabria,948
San Nicola Arcella,Cosenza,Calabria,1974
San Pietro in Amantea,Cosenza,Calabria,466
San Pietro in Guarano,Cosenza,Calabria,3364
San Sosti,Cosenza,Calabria,1872
San Vincenzo La Costa,Cosenza,Calabria,1969
Sangineto,Cosenza,Calabria,1215
Sant'Agata di Esaro,Cosenza,Calabria,1672
Santa Caterina Albanese,Cosenza,Calabria,1114
Santa Domenica Talao,Cosenza,Calabria,1132
Santa Maria del Cedro,Cosenza,Calabria,5074
Santa Sofia d'Epiro,Cosenza,Calabria,2132
Santo Stefano di Rogliano,Cosenza,Calabria,1748
Saracena,Cosenza,Calabria,3360
Scala Coeli,Cosenza,Calabria,779
Scalea,Cosenza,Calabria,11301
Scigliano,Cosenza,Calabria,1108
Serra d'Aiello,Cosenza,Calabria,529
Spezzano Albanese,Cosenza,Calabria,6553
Spezzano della Sila,Cosenza,Calabria,4240
Tarsia,Cosenza,Calabria,1825
Terranova da Sibari,Cosenza,Calabria,4541
Terravecchia,Cosenza,Calabria,575
Torano Castello,Cosenza,Calabria,4277
Tortora,Cosenza,Calabria,5948
Trebisacce,Cosenza,Calabria,8627
Vaccarizzo Albanese,Cosenza,Calabria,1001
Verbicaro,Cosenza,Calabria,2592
Villapiana,Cosenza,Calabria,5490
Zumpano,Cosenza,Calabria,2599
Belvedere di Spinello,Crotone,Calabria,1943
Caccuri,Crotone,Calabria,1537
Carfizzi,Crotone,Calabria,521
Casabona,Crotone,Calabria,2263
Castelsilano,Crotone,Calabria,886
Cerenzia,Crotone,Calabria,1031
Cirò,Crotone,Calabria,2444
Cirò Marina,Crotone,Calabria,14127
Cotronei,Crotone,Calabria,5179
Crucoli,Crotone,Calabria,2762
Cutro,Crotone,Calabria,9305
Isola di Capo Rizzuto,Crotone,Calabria,17679
Melissa,Crotone,Calabria,3221
Mesoraca,Crotone,Calabria,5777
Pallagorio,Crotone,Calabria,947
Petilia Policastro,Crotone,Calabria,8568
Rocca di Neto,Crotone,Calabria,5315
Roccabernarda,Crotone,Calabria,3125
San Mauro Marchesato,Crotone,Calabria,1902
San Nicola dell'Alto,Crotone,Calabria,687
Santa Severina,Crotone,Calabria,1885
Savelli,Crotone,Calabria,1029
Scandale,Crotone,Calabria,2837
Strongoli,Crotone,Calabria,6170
Umbriatico,Crotone,Calabria,726
Verzino,Crotone,Calabria,1558
Acquaro,Vibo Valentia,Calabria,1830
Arena,Vibo Valentia,Calabria,1259
Briatico,Vibo Valentia,Calabria,3640
Brognaturo,Vibo Valentia,Calabria,668
Capistrano,Vibo Valentia,Calabria,954
Cessaniti,Vibo Valentia,Calabria,2928
Dasà,Vibo Valentia,Calabria,1082
Dinami,Vibo Valentia,Calabria,1756
Drapia,Vibo Valentia,Calabria,2136
Fabrizia,Vibo Valentia,Calabria,1931
Filadelfia,Vibo Valentia,Calabria,5022
Filandari,Vibo Valentia,Calabria,1741
Filogaso,Vibo Valentia,Calabria,1332
Francavilla Angitola,Vibo Valentia,Calabria,1810
Francica,Vibo Valentia,Calabria,1605
Gerocarne,Vibo Valentia,Calabria,1943
Jonadi,Vibo Valentia,Calabria,4581
Joppolo,Vibo Valentia,Calabria,1668
Limbadi,Vibo Valentia,Calabria,3215
Maierato,Vibo Valentia,Calabria,2126
Mileto,Vibo Valentia,Calabria,6292
Mongiana,Vibo Valentia,Calabria,618
Monterosso Calabro,Vibo Valentia,Calabria,1467
Nardodipace,Vibo Valentia,Calabria,1055
Nicotera,Vibo Valentia,Calabria,6493
Parghelia,Vibo Valentia,Calabria,1287
Pizzo,Vibo Valentia,Calabria,8773
Pizzoni,Vibo Valentia,Calabria,967
Polia,Vibo Valentia,Calabria,805
Ricadi,Vibo Valentia,Calabria,5014
Rombiolo,Vibo Valentia,Calabria,4282
San Calogero,Vibo Valentia,Calabria,3853
San Costantino Calabro,Vibo Valentia,Calabria,2031
San Gregorio d'Ippona,Vibo Valentia,Calabria,2499
San Nicola da Crissa,Vibo Valentia,Calabria,1203
Sant'Onofrio,Vibo Valentia,Calabria,2764
Serra San Bruno,Vibo Valentia,Calabria,6292
Simbario,Vibo Valentia,Calabria,921
Sorianello,Vibo Valentia,Calabria,1091
Soriano Calabro,Vibo Valentia,Calabria,2299
Spadola,Vibo Valentia,Calabria,791
Spilinga,Vibo Valentia,Calabria,1372
Stefanaconi,Vibo Valentia,Calabria,2296
Tropea,Vibo Valentia,Calabria,5797
Vallelonga,Vibo Valentia,Calabria,793
Vazzano,Vibo Valentia,Calabria,935
Zaccanopoli,Vibo Valentia,Calabria,642
Zambrone,Vibo Valentia,Calabria,1752
Zungri,Vibo Valentia,Calabria,1837
Agerola,-,Campania,7744
Anacapri,-,Campania,6821
Bacoli,-,Campania,25195
Barano d'Ischia,-,Campania,10002
Boscoreale,-,Campania,25933
Boscotrecase,-,Campania,9860
Brusciano,-,Campania,15891
Calvizzano,-,Campania,12466
Camposano,-,Campania,5020
Capri,-,Campania,6771
Carbonara di Nola,-,Campania,2449
Cardito,-,Campania,21514
Casamarciano,-,Campania,3021
Casamicciola Terme,-,Campania,7568
Casandrino,-,Campania,13069
Casavatore,-,Campania,18225
Casola di Napoli,-,Campania,3641
Castello di Cisterna,-,Campania,7794
Cercola,-,Campania,16877
Cicciano,-,Campania,12359
Cimitile,-,Campania,6887
Comiziano,-,Campania,1704
Crispano,-,Campania,11747
Forio,-,Campania,17477
Frattamaggiore,-,Campania,28595
Frattaminore,-,Campania,15367
Gragnano,-,Campania,27830
Grumo Nevano,-,Campania,17185
Ischia,-,Campania,19600
Lacco Ameno,-,Campania,4505
Lettere,-,Campania,6070
Liveri,-,Campania,1467
Mariglianella,-,Campania,7938
Marigliano,-,Campania,29302
Massa di Somma,-,Campania,4985
Massa Lubrense,-,Campania,14169
Meta,-,Campania,7781
Monte di Procida,-,Campania,11861
Ottaviano,-,Campania,23325
Palma Campania,-,Campania,16254
Piano di Sorrento,-,Campania,12288
Pimonte,-,Campania,5868
Poggiomarino,-,Campania,22408
Pollena Trocchia,-,Campania,12723
Pompei,-,Campania,23800
Procida,-,Campania,10040
Qualiano,-,Campania,24651
Roccarainola,-,Campania,6573
San Gennaro Vesuviano,-,Campania,12111
San Paolo Bel Sito,-,Campania,3371
San Sebastiano al Vesuvio,-,Campania,8633
San Vitaliano,-,Campania,6590
Sant'Agnello,-,Campania,8593
Sant'Anastasia,-,Campania,26202
Sant'Antonio Abate,-,Campania,18963
Santa Maria la Carità,-,Campania,11731
Saviano,-,Campania,15929
Scisciano,-,Campania,6221
Serrara Fontana,-,Campania,3077
Sorrento,-,Campania,15302
Striano,-,Campania,9028
Terzigno,-,Campania,17298
Trecase,-,Campania,8501
Tufino,-,Campania,3367
Vico Equense,-,Campania,20263
Visciano,-,Campania,4140
Volla,-,Campania,25664
Aiello del Sabato,Avellino,Campania,3995
Altavilla Irpina,Avellino,Campania,3873
Andretta,Avellino,Campania,1666
Aquilonia,Avellino,Campania,1435
Ariano Irpino,Avellino,Campania,20889
Atripalda,Avellino,Campania,10344
Avella,Avellino,Campania,7486
Bagnoli Irpino,Avellino,Campania,3026
Baiano,Avellino,Campania,4386
Bisaccia,Avellino,Campania,3532
Bonito,Avellino,Campania,2216
Cairano,Avellino,Campania,286
Calabritto,Avellino,Campania,2144
Calitri,Avellino,Campania,4188
Candida,Avellino,Campania,1103
Caposele,Avellino,Campania,3234
Capriglia Irpina,Avellino,Campania,2216
Carife,Avellino,Campania,1264
Casalbore,Avellino,Campania,1554
Cassano Irpino,Avellino,Campania,955
Castel Baronia,Avellino,Campania,1050
Castelfranci,Avellino,Campania,1741
Castelvetere sul Calore,Avellino,Campania,1481
Cervinara,Avellino,Campania,8648
Cesinali,Avellino,Campania,2555
Chianche,Avellino,Campania,464
Chiusano di San Domenico,Avellino,Campania,2073
Contrada,Avellino,Campania,2917
Conza della Campania,Avellino,Campania,1266
Domicella,Avellino,Campania,1830
Flumeri,Avellino,Campania,2487
Fontanarosa,Avellino,Campania,2867
Forino,Avellino,Campania,5219
Frigento,Avellino,Campania,3424
Gesualdo,Avellino,Campania,3207
Greci,Avellino,Campania,584
Grottaminarda,Avellino,Campania,7638
Grottolella,Avellino,Campania,1823
Guardia Lombardi,Avellino,Campania,1501
Lacedonia,Avellino,Campania,2032
Lapio,Avellino,Campania,1439
Lauro,Avellino,Campania,3288
Lioni,Avellino,Campania,5924
Luogosano,Avellino,Campania,1068
Manocalzati,Avellino,Campania,3029
Marzano di Nola,Avellino,Campania,1632
Melito Irpino,Avellino,Campania,1780
Mercogliano,Avellino,Campania,11568
Mirabella Eclano,Avellino,Campania,6694
Montaguto,Avellino,Campania,338
Montecalvo Irpino,Avellino,Campania,3287
Montefalcione,Avellino,Campania,3060
Monteforte Irpino,Avellino,Campania,11429
Montefredane,Avellino,Campania,2132
Montefusco,Avellino,Campania,1192
Montella,Avellino,Campania,7285
Montemarano,Avellino,Campania,2604
Montemiletto,Avellino,Campania,5058
Monteverde,Avellino,Campania,698
Montoro,Avellino,Campania,19381
Morra De Sanctis,Avellino,Campania,1114
Moschiano,Avellino,Campania,1573
Mugnano del Cardinale,Avellino,Campania,5169
Nusco,Avellino,Campania,3829
Ospedaletto d'Alpinolo,Avellino,Campania,1986
Pago del Vallo di Lauro,Avellino,Campania,1703
Parolise,Avellino,Campania,629
Paternopoli,Avellino,Campania,2110
Petruro Irpino,Avellino,Campania,295
Pietradefusi,Avellino,Campania,1918
Pietrastornina,Avellino,Campania,1424
Prata di Principato Ultra,Avellino,Campania,2679
Pratola Serra,Avellino,Campania,3588
Quadrelle,Avellino,Campania,1865
Quindici,Avellino,Campania,1767
Rocca San Felice,Avellino,Campania,772
Roccabascerana,Avellino,Campania,2350
Rotondi,Avellino,Campania,3410
Salza Irpina,Avellino,Campania,731
San Mango sul Calore,Avellino,Campania,1106
San Martino Valle Caudina,Avellino,Campania,4796
San Michele di Serino,Avellino,Campania,2409
San Nicola Baronia,Avellino,Campania,768
San Potito Ultra,Avellino,Campania,1476
San Sossio Baronia,Avellino,Campania,1481
Sant'Andrea di Conza,Avellino,Campania,1402
Sant'Angelo a Scala,Avellino,Campania,697
Sant'Angelo all'Esca,Avellino,Campania,717
Sant'Angelo dei Lombardi,Avellino,Campania,3777
Santa Lucia di Serino,Avellino,Campania,1359
Santa Paolina,Avellino,Campania,1158
Santo Stefano del Sole,Avellino,Campania,2052
Savignano Irpino,Avellino,Campania,1028
Scampitella,Avellino,Campania,1015
Senerchia,Avellino,Campania,718
Serino,Avellino,Campania,6753
Sirignano,Avellino,Campania,2842
Solofra,Avellino,Campania,12021
Sorbo Serpico,Avellino,Campania,525
Sperone,Avellino,Campania,3596
Sturno,Avellino,Campania,2756
Summonte,Avellino,Campania,1487
Taurano,Avellino,Campania,1463
Taurasi,Avellino,Campania,2122
Teora,Avellino,Campania,1462
Torella dei Lombardi,Avellino,Campania,1959
Torre Le Nocelle,Avellino,Campania,1222
Torrioni,Avellino,Campania,474
Trevico,Avellino,Campania,826
Tufo,Avellino,Campania,779
Vallata,Avellino,Campania,2487
Vallesaccarda,Avellino,Campania,1223
Venticano,Avellino,Campania,2282
Villamaina,Avellino,Campania,892
Villanova del Battista,Avellino,Campania,1468
Volturara Irpina,Avellino,Campania,2922
Zungoli,Avellino,Campania,935
Airola,Benevento,Campania,8057
Amorosi,Benevento,Campania,2640
Apice,Benevento,Campania,5251
Apollosa,Benevento,Campania,2467
Arpaia,Benevento,Campania,1992
Arpaise,Benevento,Campania,734
Baselice,Benevento,Campania,2062
Bonea,Benevento,Campania,1373
Bucciano,Benevento,Campania,1969
Buonalbergo,Benevento,Campania,1528
Calvi,Benevento,Campania,2504
Campolattaro,Benevento,Campania,975
Campoli del Monte Taburno,Benevento,Campania,1661
Casalduni,Benevento,Campania,1179
Castelfranco in Miscano,Benevento,Campania,772
Castelpagano,Benevento,Campania,1334
Castelpoto,Benevento,Campania,1146
Castelvenere,Benevento,Campania,2392
Castelvetere in Val Fortore,Benevento,Campania,962
Cautano,Benevento,Campania,1891
Ceppaloni,Benevento,Campania,3180
Cerreto Sannita,Benevento,Campania,3579
Circello,Benevento,Campania,2122
Colle Sannita,Benevento,Campania,2156
Cusano Mutri,Benevento,Campania,3737
Dugenta,Benevento,Campania,2652
Durazzano,Benevento,Campania,2066
Faicchio,Benevento,Campania,3279
Foglianise,Benevento,Campania,3109
Foiano di Val Fortore,Benevento,Campania,1327
Forchia,Benevento,Campania,1202
Fragneto l'Abate,Benevento,Campania,940
Fragneto Monforte,Benevento,Campania,1658
Frasso Telesino,Benevento,Campania,2013
Ginestra degli Schiavoni,Benevento,Campania,388
Guardia Sanframondi,Benevento,Campania,4512
Limatola,Benevento,Campania,4204
Melizzano,Benevento,Campania,1691
Moiano,Benevento,Campania,3997
Molinara,Benevento,Campania,1434
Montefalcone di Val Fortore,Benevento,Campania,1295
Montesarchio,Benevento,Campania,12997
Morcone,Benevento,Campania,4496
Paduli,Benevento,Campania,3584
Pago Veiano,Benevento,Campania,2219
Pannarano,Benevento,Campania,1986
Paolisi,Benevento,Campania,1955
Paupisi,Benevento,Campania,1434
Pesco Sannita,Benevento,Campania,1840
Pietraroja,Benevento,Campania,497
Pietrelcina,Benevento,Campania,2882
Ponte,Benevento,Campania,2404
Pontelandolfo,Benevento,Campania,2003
Puglianello,Benevento,Campania,1298
Reino,Benevento,Campania,1093
San Bartolomeo in Galdo,Benevento,Campania,4314
San Giorgio del Sannio,Benevento,Campania,9696
San Giorgio La Molara,Benevento,Campania,2723
San Leucio del Sannio,Benevento,Campania,2897
San Lorenzello,Benevento,Campania,2112
San Lorenzo Maggiore,Benevento,Campania,1894
San Lupo,Benevento,Campania,686
San Marco dei Cavoti,Benevento,Campania,2941
San Martino Sannita,Benevento,Campania,1142
San Nazzaro,Benevento,Campania,825
San Nicola Manfredi,Benevento,Campania,3454
San Salvatore Telesino,Benevento,Campania,3861
Sant'Agata de' Goti,Benevento,Campania,10223
Sant'Angelo a Cupolo,Benevento,Campania,4029
Sant'Arcangelo Trimonte,Benevento,Campania,461
Santa Croce del Sannio,Benevento,Campania,859
Sassinoro,Benevento,Campania,616
Solopaca,Benevento,Campania,3444
Telese Terme,Benevento,Campania,7648
Tocco Caudio,Benevento,Campania,1470
Torrecuso,Benevento,Campania,3209
Vitulano,Benevento,Campania,2749
Ailano,Caserta,Campania,1165
Alife,Caserta,Campania,7389
Alvignano,Caserta,Campania,4450
Arienzo,Caserta,Campania,5362
Baia e Latina,Caserta,Campania,2014
Bellona,Caserta,Campania,5998
Caianello,Caserta,Campania,1756
Caiazzo,Caserta,Campania,5127
Calvi Risorta,Caserta,Campania,5379
Camigliano,Caserta,Campania,1962
Cancello ed Arnone,Caserta,Campania,5706
Capodrise,Caserta,Campania,10029
Capriati a Volturno,Caserta,Campania,1420
Capua,Caserta,Campania,17773
Carinaro,Caserta,Campania,7077
Carinola,Caserta,Campania,7086
Casagiove,Caserta,Campania,12890
Casal di Principe,Caserta,Campania,21497
Casaluce,Caserta,Campania,9519
Casapesenna,Caserta,Campania,7021
Casapulla,Caserta,Campania,8260
Castel Campagnano,Caserta,Campania,1441
Castel di Sasso,Caserta,Campania,1034
Castel Morrone,Caserta,Campania,3585
Castel Volturno,Caserta,Campania,29524
Castello del Matese,Caserta,Campania,1367
Cellole,Caserta,Campania,8240
Cervino,Caserta,Campania,4723
Cesa,Caserta,Campania,9644
Ciorlano,Caserta,Campania,363
Conca della Campania,Caserta,Campania,1151
Curti,Caserta,Campania,6644
Dragoni,Caserta,Campania,1929
Falciano del Massico,Caserta,Campania,3372
Fontegreca,Caserta,Campania,749
Formicola,Caserta,Campania,1459
Francolise,Caserta,Campania,4616
Frignano,Caserta,Campania,8922
Gallo Matese,Caserta,Campania,454
Galluccio,Caserta,Campania,2029
Giano Vetusto,Caserta,Campania,622
Gioia Sannitica,Caserta,Campania,3242
Grazzanise,Caserta,Campania,6731
Gricignano di Aversa,Caserta,Campania,12900
Letino,Caserta,Campania,628
Liberi,Caserta,Campania,1068
Lusciano,Caserta,Campania,16239
Macerata Campania,Caserta,Campania,10029
Marzano Appio,Caserta,Campania,1946
Mignano Monte Lungo,Caserta,Campania,3004
Mondragone,Caserta,Campania,28616
Orta di Atella,Caserta,Campania,27397
Parete,Caserta,Campania,12691
Pastorano,Caserta,Campania,2871
Piana di Monte Verna,Caserta,Campania,2057
Piedimonte Matese,Caserta,Campania,10068
Pietramelara,Caserta,Campania,4457
Pietravairano,Caserta,Campania,2801
Pignataro Maggiore,Caserta,Campania,5732
Pontelatone,Caserta,Campania,1523
Portico di Caserta,Caserta,Campania,7722
Prata Sannita,Caserta,Campania,1348
Pratella,Caserta,Campania,1372
Presenzano,Caserta,Campania,1620
Raviscanina,Caserta,Campania,1162
Recale,Caserta,Campania,7621
Riardo,Caserta,Campania,2216
Rocca d'Evandro,Caserta,Campania,3007
Roccamonfina,Caserta,Campania,3157
Roccaromana,Caserta,Campania,820
Rocchetta e Croce,Caserta,Campania,430
Ruviano,Caserta,Campania,1690
San Cipriano d'Aversa,Caserta,Campania,13298
San Felice a Cancello,Caserta,Campania,16821
San Gregorio Matese,Caserta,Campania,870
San Marcellino,Caserta,Campania,14903
San Marco Evangelista,Caserta,Campania,6455
San Nicola la Strada,Caserta,Campania,22071
San Pietro Infine,Caserta,Campania,806
San Potito Sannitico,Caserta,Campania,1950
San Prisco,Caserta,Campania,12157
San Tammaro,Caserta,Campania,5785
Sant'Angelo d'Alife,Caserta,Campania,2073
Sant'Arpino,Caserta,Campania,15139
Santa Maria a Vico,Caserta,Campania,14312
Santa Maria la Fossa,Caserta,Campania,2540
Sessa Aurunca,Caserta,Campania,20209
Sparanise,Caserta,Campania,7189
Succivo,Caserta,Campania,8785
Teano,Caserta,Campania,11147
Teverola,Caserta,Campania,14962
Tora e Piccilli,Caserta,Campania,742
Trentola Ducenta,Caserta,Campania,20512
Vairano Patenora,Caserta,Campania,6323
Valle Agricola,Caserta,Campania,750
Valle di Maddaloni,Caserta,Campania,2624
Villa di Briano,Caserta,Campania,7407
Villa Literno,Caserta,Campania,12658
Vitulazio,Caserta,Campania,7696
Acerno,Salerno,Campania,2517
Agropoli,Salerno,Campania,21378
Albanella,Salerno,Campania,6305
Alfano,Salerno,Campania,931
Altavilla Silentina,Salerno,Campania,7010
Amalfi,Salerno,Campania,4626
Aquara,Salerno,Campania,1298
Ascea,Salerno,Campania,5777
Atena Lucana,Salerno,Campania,2362
Atrani,Salerno,Campania,792
Auletta,Salerno,Campania,2149
Baronissi,Salerno,Campania,16894
Bellizzi,Salerno,Campania,13300
Bellosguardo,Salerno,Campania,678
Bracigliano,Salerno,Campania,5301
Buccino,Salerno,Campania,4516
Buonabitacolo,Salerno,Campania,2430
Caggiano,Salerno,Campania,2500
Calvanico,Salerno,Campania,1395
Camerota,Salerno,Campania,6836
Campagna,Salerno,Campania,16834
Campora,Salerno,Campania,318
Cannalonga,Salerno,Campania,936
Capaccio Paestum,Salerno,Campania,22390
Casal Velino,Salerno,Campania,5358
Casalbuono,Salerno,Campania,1025
Casaletto Spartano,Salerno,Campania,1262
Caselle in Pittari,Salerno,Campania,1873
Castel San Giorgio,Salerno,Campania,13723
Castel San Lorenzo,Salerno,Campania,2201
Castelcivita,Salerno,Campania,1404
Castellabate,Salerno,Campania,8676
Castelnuovo Cilento,Salerno,Campania,2829
Castelnuovo di Conza,Salerno,Campania,563
Castiglione del Genovesi,Salerno,Campania,1285
Celle di Bulgheria,Salerno,Campania,1708
Centola,Salerno,Campania,4961
Ceraso,Salerno,Campania,2214
Cetara,Salerno,Campania,1941
Cicerale,Salerno,Campania,1176
Colliano,Salerno,Campania,3405
Conca dei Marini,Salerno,Campania,646
Controne,Salerno,Campania,759
Contursi Terme,Salerno,Campania,3164
Corbara,Salerno,Campania,2481
Corleto Monforte,Salerno,Campania,493
Cuccaro Vetere,Salerno,Campania,521
Felitto,Salerno,Campania,1156
Fisciano,Salerno,Campania,14110
Furore,Salerno,Campania,680
Futani,Salerno,Campania,1069
Giffoni Sei Casali,Salerno,Campania,4942
Giffoni Valle Piana,Salerno,Campania,11515
Gioi,Salerno,Campania,1077
Giungano,Salerno,Campania,1301
Ispani,Salerno,Campania,961
Laureana Cilento,Salerno,Campania,1241
Laurino,Salerno,Campania,1244
Laurito,Salerno,Campania,698
Laviano,Salerno,Campania,1309
Lustra,Salerno,Campania,1007
Magliano Vetere,Salerno,Campania,563
Maiori,Salerno,Campania,5311
Mercato San Severino,Salerno,Campania,21508
Minori,Salerno,Campania,2590
Moio della Civitella,Salerno,Campania,1813
Montano Antilia,Salerno,Campania,1678
Monte San Giacomo,Salerno,Campania,1412
Montecorice,Salerno,Campania,2563
Montecorvino Pugliano,Salerno,Campania,11106
Montecorvino Rovella,Salerno,Campania,12289
Monteforte Cilento,Salerno,Campania,546
Montesano sulla Marcellana,Salerno,Campania,6240
Morigerati,Salerno,Campania,594
Nocera Superiore,Salerno,Campania,23592
Novi Velia,Salerno,Campania,2334
Ogliastro Cilento,Salerno,Campania,2288
Olevano sul Tusciano,Salerno,Campania,6568
Oliveto Citra,Salerno,Campania,3605
Omignano,Salerno,Campania,1643
Orria,Salerno,Campania,955
Ottati,Salerno,Campania,579
Padula,Salerno,Campania,4872
Palomonte,Salerno,Campania,3721
Pellezzano,Salerno,Campania,10888
Perdifumo,Salerno,Campania,1808
Perito,Salerno,Campania,801
Pertosa,Salerno,Campania,655
Petina,Salerno,Campania,991
Piaggine,Salerno,Campania,1117
Pisciotta,Salerno,Campania,2424
Polla,Salerno,Campania,5098
Pollica,Salerno,Campania,2135
Pontecagnano Faiano,Salerno,Campania,26439
Positano,Salerno,Campania,3729
Postiglione,Salerno,Campania,1974
Praiano,Salerno,Campania,1969
Prignano Cilento,Salerno,Campania,1094
Ravello,Salerno,Campania,2368
Ricigliano,Salerno,Campania,1058
Roccadaspide,Salerno,Campania,6884
Roccagloriosa,Salerno,Campania,1568
Roccapiemonte,Salerno,Campania,8688
Rofrano,Salerno,Campania,1271
Romagnano al Monte,Salerno,Campania,370
Roscigno,Salerno,Campania,596
Rutino,Salerno,Campania,770
Sacco,Salerno,Campania,431
Sala Consilina,Salerno,Campania,12199
Salento,Salerno,Campania,1762
Salvitelle,Salerno,Campania,483
San Cipriano Picentino,Salerno,Campania,6593
San Giovanni a Piro,Salerno,Campania,3604
San Gregorio Magno,Salerno,Campania,3892
San Mango Piemonte,Salerno,Campania,2629
San Marzano sul Sarno,Salerno,Campania,10207
San Mauro Cilento,Salerno,Campania,844
San Mauro la Bruca,Salerno,Campania,536
San Pietro al Tanagro,Salerno,Campania,1645
San Rufo,Salerno,Campania,1590
San Valentino Torio,Salerno,Campania,10926
Sant'Angelo a Fasanella,Salerno,Campania,489
Sant'Arsenio,Salerno,Campania,2644
Sant'Egidio del Monte Albino,Salerno,Campania,8765
Santa Marina,Salerno,Campania,3239
Santomenna,Salerno,Campania,388
Sanza,Salerno,Campania,2355
Sapri,Salerno,Campania,6390
Sassano,Salerno,Campania,4664
Scala,Salerno,Campania,1508
Serramezzana,Salerno,Campania,268
Serre,Salerno,Campania,3690
Sessa Cilento,Salerno,Campania,1137
Siano,Salerno,Campania,9382
Sicignano degli Alburni,Salerno,Campania,3063
Stella Cilento,Salerno,Campania,630
Stio,Salerno,Campania,774
Teggiano,Salerno,Campania,7077
Torchiara,Salerno,Campania,1877
Torraca,Salerno,Campania,1193
Torre Orsaia,Salerno,Campania,1950
Tortorella,Salerno,Campania,476
Tramonti,Salerno,Campania,4153
Trentinara,Salerno,Campania,1558
Valle dell'Angelo,Salerno,Campania,229
Vallo della Lucania,Salerno,Campania,7951
Valva,Salerno,Campania,1529
Vibonati,Salerno,Campania,3214
Vietri sul Mare,Salerno,Campania,7080
Acquaviva Collecroce,Campobasso,Molise,558
Baranello,Campobasso,Molise,2464
Bojano,Campobasso,Molise,7535
Bonefro,Campobasso,Molise,1195
Busso,Campobasso,Molise,1158
Campochiaro,Campobasso,Molise,580
Campodipietra,Campobasso,Molise,2425
Campolieto,Campobasso,Molise,846
Campomarino,Campobasso,Molise,7854
Casacalenda,Campobasso,Molise,1849
Casalciprano,Campobasso,Molise,444
Castelbottaccio,Campobasso,Molise,235
Castellino del Biferno,Campobasso,Molise,421
Castelmauro,Campobasso,Molise,1148
Castropignano,Campobasso,Molise,864
Cercemaggiore,Campobasso,Molise,3616
Cercepiccola,Campobasso,Molise,640
Civitacampomarano,Campobasso,Molise,308
Colle d'Anchise,Campobasso,Molise,738
Colletorto,Campobasso,Molise,1648
Duronia,Campobasso,Molise,393
Ferrazzano,Campobasso,Molise,3330
Fossalto,Campobasso,Molise,1153
Gambatesa,Campobasso,Molise,1277
Gildone,Campobasso,Molise,752
Guardialfiera,Campobasso,Molise,942
Guardiaregia,Campobasso,Molise,689
Guglionesi,Campobasso,Molise,4880
Jelsi,Campobasso,Molise,1590
Larino,Campobasso,Molise,6324
Limosano,Campobasso,Molise,672
Lucito,Campobasso,Molise,632
Lupara,Campobasso,Molise,400
Macchia Valfortore,Campobasso,Molise,470
Mafalda,Campobasso,Molise,1091
Matrice,Campobasso,Molise,1044
Mirabello Sannitico,Campobasso,Molise,2036
Molise,Campobasso,Molise,145
Monacilioni,Campobasso,Molise,464
Montagano,Campobasso,Molise,976
Montecilfone,Campobasso,Molise,1227
Montefalcone nel Sannio,Campobasso,Molise,1352
Montelongo,Campobasso,Molise,289
Montemitro,Campobasso,Molise,283
Montenero di Bisaccia,Campobasso,Molise,6235
Montorio nei Frentani,Campobasso,Molise,350
Morrone del Sannio,Campobasso,Molise,516
Oratino,Campobasso,Molise,1699
Palata,Campobasso,Molise,1498
Petacciato,Campobasso,Molise,3511
Petrella Tifernina,Campobasso,Molise,1033
Pietracatella,Campobasso,Molise,1234
Pietracupa,Campobasso,Molise,205
Portocannone,Campobasso,Molise,2314
Provvidenti,Campobasso,Molise,101
Riccia,Campobasso,Molise,4792
Ripabottoni,Campobasso,Molise,430
Ripalimosani,Campobasso,Molise,3004
Roccavivara,Campobasso,Molise,608
Rotello,Campobasso,Molise,1120
Salcito,Campobasso,Molise,633
San Biase,Campobasso,Molise,134
San Felice del Molise,Campobasso,Molise,544
San Giacomo degli Schiavoni,Campobasso,Molise,1372
San Giovanni in Galdo,Campobasso,Molise,506
San Giuliano del Sannio,Campobasso,Molise,981
San Giuliano di Puglia,Campobasso,Molise,975
San Martino in Pensilis,Campobasso,Molise,4475
San Massimo,Campobasso,Molise,823
San Polo Matese,Campobasso,Molise,456
Sant'Angelo Limosano,Campobasso,Molise,299
Sant'Elia a Pianisi,Campobasso,Molise,1521
Santa Croce di Magliano,Campobasso,Molise,3915
Sepino,Campobasso,Molise,1817
Spinete,Campobasso,Molise,1175
Tavenna,Campobasso,Molise,581
Torella del Sannio,Campobasso,Molise,700
Toro,Campobasso,Molise,1221
Trivento,Campobasso,Molise,4351
Tufara,Campobasso,Molise,776
Ururi,Campobasso,Molise,2400
Vinchiaturo,Campobasso,Molise,3371
Acquaviva d'Isernia,Isernia,Molise,352
Agnone,Isernia,Molise,4602
Bagnoli del Trigno,Isernia,Molise,621
Belmonte del Sannio,Isernia,Molise,626
Cantalupo nel Sannio,Isernia,Molise,713
Capracotta,Isernia,Molise,774
Carovilli,Isernia,Molise,1242
Carpinone,Isernia,Molise,1017
Castel del Giudice,Isernia,Molise,305
Castel San Vincenzo,Isernia,Molise,433
Castelpetroso,Isernia,Molise,1516
Castelpizzuto,Isernia,Molise,131
Castelverrino,Isernia,Molise,93
Cerro al Volturno,Isernia,Molise,1120
Chiauci,Isernia,Molise,198
Civitanova del Sannio,Isernia,Molise,874
Colli a Volturno,Isernia,Molise,1265
Conca Casale,Isernia,Molise,162
Filignano,Isernia,Molise,567
Forlì del Sannio,Isernia,Molise,632
Fornelli,Isernia,Molise,1792
Frosolone,Isernia,Molise,2781
Isernia,Isernia,Molise,20684
Longano,Isernia,Molise,626
Macchia d'Isernia,Isernia,Molise,1028
Macchiagodena,Isernia,Molise,1626
Miranda,Isernia,Molise,934
Montaquila,Isernia,Molise,2282
Montenero Val Cocchiara,Isernia,Molise,477
Monteroduni,Isernia,Molise,2121
Pesche,Isernia,Molise,1477
Pescolanciano,Isernia,Molise,788
Pescopennataro,Isernia,Molise,229
Pettoranello del Molise,Isernia,Molise,446
Pietrabbondante,Isernia,Molise,598
Pizzone,Isernia,Molise,301
Poggio Sannita,Isernia,Molise,559
Pozzilli,Isernia,Molise,2172
Rionero Sannitico,Isernia,Molise,958
Roccamandolfi,Isernia,Molise,817
Roccasicura,Isernia,Molise,472
Rocchetta a Volturno,Isernia,Molise,1063
San Pietro Avellana,Isernia,Molise,408
Sant'Agapito,Isernia,Molise,1339
Sant'Angelo del Pesco,Isernia,Molise,317
Sant'Elena Sannita,Isernia,Molise,281
Santa Maria del Molise,Isernia,Molise,662
Scapoli,Isernia,Molise,584
Sessano del Molise,Isernia,Molise,682
Sesto Campano,Isernia,Molise,2129
Vastogirardi,Isernia,Molise,592
Venafro,Isernia,Molise,10768
Acquaviva delle Fonti,-,Puglia,19826
Adelfia,-,Puglia,16473
Alberobello,-,Puglia,10177
Binetto,-,Puglia,2151
Bitetto,-,Puglia,11743
Bitritto,-,Puglia,11333
Capurso,-,Puglia,15174
Casamassima,-,Puglia,19208
Cassano delle Murge,-,Puglia,15083
Castellana Grotte,-,Puglia,19675
Cellamare,-,Puglia,5810
Conversano,-,Puglia,25827
Gioia del Colle,-,Puglia,26502
Giovinazzo,-,Puglia,19260
Grumo Appula,-,Puglia,12078
Locorotondo,-,Puglia,13896
Mola di Bari,-,Puglia,24334
Noci,-,Puglia,18221
Noicattaro,-,Puglia,25912
Palo del Colle,-,Puglia,20475
Poggiorsini,-,Puglia,1271
Polignano a Mare,-,Puglia,17463
Putignano,-,Puglia,25851
Rutigliano,-,Puglia,18219
Ruvo di Puglia,-,Puglia,24350
Sammichele di Bari,-,Puglia,5966
Sannicandro di Bari,-,Puglia,9515
Santeramo in Colle,-,Puglia,25721
Terlizzi,-,Puglia,26013
Toritto,-,Puglia,8000
Triggiano,-,Puglia,25866
Turi,-,Puglia,13002
Valenzano,-,Puglia,17215
Canosa di Puglia,Barletta-Andria-Trani,Puglia,27701
Margherita di Savoia,Barletta-Andria-Trani,Puglia,11154
Minervino Murge,Barletta-Andria-Trani,Puglia,8050
San Ferdinando di Puglia,Barletta-Andria-Trani,Puglia,13625
Spinazzola,Barletta-Andria-Trani,Puglia,5894
Trinitapoli,Barletta-Andria-Trani,Puglia,13715
Carovigno,Brindisi,Puglia,16943
Ceglie Messapica,Brindisi,Puglia,18636
Cellino San Marco,Brindisi,Puglia,6023
Cisternino,Brindisi,Puglia,11095
Erchie,Brindisi,Puglia,8173
Latiano,Brindisi,Puglia,13461
Mesagne,Brindisi,Puglia,26077
Oria,Brindisi,Puglia,14455
Ostuni,Brindisi,Puglia,29942
San Donaci,Brindisi,Puglia,6154
San Michele Salentino,Brindisi,Puglia,6079
San Pancrazio Salentino,Brindisi,Puglia,9130
San Pietro Vernotico,Brindisi,Puglia,13013
San Vito dei Normanni,Brindisi,Puglia,17931
Torchiarolo,Brindisi,Puglia,5280
Torre Santa Susanna,Brindisi,Puglia,10094
Villa Castelli,Brindisi,Puglia,8973
Accadia,Foggia,Puglia,2204
Alberona,Foggia,Puglia,857
Anzano di Puglia,Foggia,Puglia,1069
Apricena,Foggia,Puglia,12513
Ascoli Satriano,Foggia,Puglia,5774
Biccari,Foggia,Puglia,2628
Bovino,Foggia,Puglia,2903
Cagnano Varano,Foggia,Puglia,6587
Candela,Foggia,Puglia,2497
Carapelle,Foggia,Puglia,6948
Carlantino,Foggia,Puglia,791
Carpino,Foggia,Puglia,3772
Casalnuovo Monterotaro,Foggia,Puglia,1366
Casalvecchio di Puglia,Foggia,Puglia,1659
Castelluccio dei Sauri,Foggia,Puglia,2011
Castelluccio Valmaggiore,Foggia,Puglia,1182
Castelnuovo della Daunia,Foggia,Puglia,1286
Celenza Valfortore,Foggia,Puglia,1347
Celle di San Vito,Foggia,Puglia,148
Chieuti,Foggia,Puglia,1490
Deliceto,Foggia,Puglia,3494
Faeto,Foggia,Puglia,613
Ischitella,Foggia,Puglia,4110
Isole Tremiti,Foggia,Puglia,494
Lesina,Foggia,Puglia,6246
Mattinata,Foggia,Puglia,5918
Monte Sant'Angelo,Foggia,Puglia,11239
Monteleone di Puglia,Foggia,Puglia,942
Motta Montecorvino,Foggia,Puglia,630
Ordona,Foggia,Puglia,3063
Orsara di Puglia,Foggia,Puglia,2499
Orta Nova,Foggia,Puglia,16645
Panni,Foggia,Puglia,682
Peschici,Foggia,Puglia,4296
Pietramontecorvino,Foggia,Puglia,2457
Poggio Imperiale,Foggia,Puglia,2486
Rignano Garganico,Foggia,Puglia,1789
Rocchetta Sant'Antonio,Foggia,Puglia,1650
Rodi Garganico,Foggia,Puglia,3338
Roseto Valfortore,Foggia,Puglia,994
San Giovanni Rotondo,Foggia,Puglia,26314
San Marco in Lamis,Foggia,Puglia,12469
San Marco la Catola,Foggia,Puglia,860
San Nicandro Garganico,Foggia,Puglia,13618
San Paolo di Civitate,Foggia,Puglia,5397
Sant'Agata di Puglia,Foggia,Puglia,1793
Serracapriola,Foggia,Puglia,3615
Stornara,Foggia,Puglia,5785
Stornarella,Foggia,Puglia,5329
Torremaggiore,Foggia,Puglia,16471
Troia,Foggia,Puglia,6602
Vico del Gargano,Foggia,Puglia,7290
Vieste,Foggia,Puglia,13296
Volturara Appula,Foggia,Puglia,366
Volturino,Foggia,Puglia,1517
Zapponeta,Foggia,Puglia,3289
Alessano,Lecce,Puglia,6038
Alezio,Lecce,Puglia,5670
Alliste,Lecce,Puglia,6419
Andrano,Lecce,Puglia,4501
Aradeo,Lecce,Puglia,8863
Arnesano,Lecce,Puglia,3899
Bagnolo del Salento,Lecce,Puglia,1743
Botrugno,Lecce,Puglia,2623
Calimera,Lecce,Puglia,6698
Campi Salentina,Lecce,Puglia,9740
Cannole,Lecce,Puglia,1576
Caprarica di Lecce,Lecce,Puglia,2263
Carmiano,Lecce,Puglia,11653
Carpignano Salentino,Lecce,Puglia,3630
Casarano,Lecce,Puglia,19151
Castri di Lecce,Lecce,Puglia,2732
Castrignano de' Greci,Lecce,Puglia,3639
Castrignano del Capo,Lecce,Puglia,5098
Castro,Lecce,Puglia,2348
Cavallino,Lecce,Puglia,12931
Collepasso,Lecce,Puglia,5554
Copertino,Lecce,Puglia,22969
Corigliano d'Otranto,Lecce,Puglia,5598
Corsano,Lecce,Puglia,5119
Cursi,Lecce,Puglia,3839
Cutrofiano,Lecce,Puglia,8657
Diso,Lecce,Puglia,2803
Gagliano del Capo,Lecce,Puglia,4863
Galatina,Lecce,Puglia,25485
Galatone,Lecce,Puglia,14884
Gallipoli,Lecce,Puglia,19139
Giuggianello,Lecce,Puglia,1127
Giurdignano,Lecce,Puglia,1953
Guagnano,Lecce,Puglia,5321
Lequile,Lecce,Puglia,8581
Leverano,Lecce,Puglia,13476
Lizzanello,Lecce,Puglia,11759
Maglie,Lecce,Puglia,13367
Martano,Lecce,Puglia,8485
Martignano,Lecce,Puglia,1567
Matino,Lecce,Puglia,10875
Melendugno,Lecce,Puglia,9999
Melissano,Lecce,Puglia,6632
Melpignano,Lecce,Puglia,2089
Miggiano,Lecce,Puglia,3229
Minervino di Lecce,Lecce,Puglia,3438
Monteroni di Lecce,Lecce,Puglia,13236
Montesano Salentino,Lecce,Puglia,2603
Morciano di Leuca,Lecce,Puglia,3030
Muro Leccese,Lecce,Puglia,4655
Neviano,Lecce,Puglia,4872
Nociglia,Lecce,Puglia,2100
Novoli,Lecce,Puglia,7482
Ortelle,Lecce,Puglia,2179
Otranto,Lecce,Puglia,5612
Palmariggi,Lecce,Puglia,1356
Parabita,Lecce,Puglia,8676
Patù,Lecce,Puglia,1652
Poggiardo,Lecce,Puglia,5811
Porto Cesareo,Lecce,Puglia,6463
Presicce-Acquarica,Lecce,Puglia,9241
Racale,Lecce,Puglia,10702
Ruffano,Lecce,Puglia,9305
Salice Salentino,Lecce,Puglia,7732
Salve,Lecce,Puglia,4571
San Cassiano,Lecce,Puglia,1941
San Cesario di Lecce,Lecce,Puglia,7887
San Donato di Lecce,Lecce,Puglia,5413
San Pietro in Lama,Lecce,Puglia,3369
Sanarica,Lecce,Puglia,1475
Sannicola,Lecce,Puglia,5571
Santa Cesarea Terme,Lecce,Puglia,2827
Scorrano,Lecce,Puglia,6614
Seclì,Lecce,Puglia,1818
Sogliano Cavour,Lecce,Puglia,3863
Soleto,Lecce,Puglia,5131
Specchia,Lecce,Puglia,4540
Spongano,Lecce,Puglia,3431
Squinzano,Lecce,Puglia,13379
Sternatia,Lecce,Puglia,2115
Supersano,Lecce,Puglia,4118
Surano,Lecce,Puglia,1512
Surbo,Lecce,Puglia,14603
Taurisano,Lecce,Puglia,11242
Taviano,Lecce,Puglia,11449
Tiggiano,Lecce,Puglia,2799
Trepuzzi,Lecce,Puglia,13783
Tricase,Lecce,Puglia,16990
Tuglie,Lecce,Puglia,5054
Ugento,Lecce,Puglia,11970
Uggiano la Chiesa,Lecce,Puglia,4317
Veglie,Lecce,Puglia,13237
Vernole,Lecce,Puglia,6646
Zollino,Lecce,Puglia,1838
Avetrana,Taranto,Puglia,6194
Carosino,Taranto,Puglia,6530
Castellaneta,Taranto,Puglia,16073
Crispiano,Taranto,Puglia,13031
Faggiano,Taranto,Puglia,3392
Fragagnano,Taranto,Puglia,4952
Ginosa,Taranto,Puglia,21818
Laterza,Taranto,Puglia,14761
Leporano,Taranto,Puglia,8227
Lizzano,Taranto,Puglia,9528
Manduria,Taranto,Puglia,29810
Maruggio,Taranto,Puglia,5235
Monteiasi,Taranto,Puglia,5281
Montemesola,Taranto,Puglia,3512
Monteparano,Taranto,Puglia,2295
Mottola,Taranto,Puglia,15228
Palagianello,Taranto,Puglia,7543
Palagiano,Taranto,Puglia,15724
Pulsano,Taranto,Puglia,11202
Roccaforzata,Taranto,Puglia,1758
San Giorgio Ionico,Taranto,Puglia,14062
San Marzano di San Giuseppe,Taranto,Puglia,8874
Sava,Taranto,Puglia,15262
Statte,Taranto,Puglia,12787
Torricella,Taranto,Puglia,4110
Assemini,-,Sardegna,25762
Capoterra,-,Sardegna,23130
Decimomannu,-,Sardegna,8385
Elmas,-,Sardegna,9521
Maracalagonis,-,Sardegna,7934
Monserrato,-,Sardegna,18827
Pula,-,Sardegna,7122
Quartucciu,-,Sardegna,12831
Sarroch,-,Sardegna,5008
Selargius,-,Sardegna,28437
Sestu,-,Sardegna,20792
Settimo San Pietro,-,Sardegna,6963
Sinnai,-,Sardegna,17279
Uta,-,Sardegna,8892
Villa San Pietro,-,Sardegna,2159
Aritzo,Nuoro,Sardegna,1217
Arzana,Nuoro,Sardegna,2215
Atzara,Nuoro,Sardegna,978
Austis,Nuoro,Sardegna,741
Bari Sardo,Nuoro,Sardegna,3823
Baunei,Nuoro,Sardegna,3402
Belvì,Nuoro,Sardegna,548
Birori,Nuoro,Sardegna,490
Bitti,Nuoro,Sardegna,2547
Bolotana,Nuoro,Sardegna,2317
Borore,Nuoro,Sardegna,1930
Bortigali,Nuoro,Sardegna,1248
Cardedu,Nuoro,Sardegna,1973
Desulo,Nuoro,Sardegna,2042
Dorgali,Nuoro,Sardegna,8320
Dualchi,Nuoro,Sardegna,562
Elini,Nuoro,Sardegna,551
Fonni,Nuoro,Sardegna,3620
Gadoni,Nuoro,Sardegna,658
Gairo,Nuoro,Sardegna,1260
Galtellì,Nuoro,Sardegna,2365
Gavoi,Nuoro,Sardegna,2451
Girasole,Nuoro,Sardegna,1366
Ilbono,Nuoro,Sardegna,1971
Irgoli,Nuoro,Sardegna,2208
Jerzu,Nuoro,Sardegna,2947
Lanusei,Nuoro,Sardegna,5024
Lei,Nuoro,Sardegna,447
Loceri,Nuoro,Sardegna,1303
Loculi,Nuoro,Sardegna,489
Lodè,Nuoro,Sardegna,1491
Lodine,Nuoro,Sardegna,300
Lotzorai,Nuoro,Sardegna,2116
Lula,Nuoro,Sardegna,1242
Macomer,Nuoro,Sardegna,9166
Mamoiada,Nuoro,Sardegna,2389
Meana Sardo,Nuoro,Sardegna,1579
Noragugume,Nuoro,Sardegna,274
Oliena,Nuoro,Sardegna,6530
Ollolai,Nuoro,Sardegna,1154
Olzai,Nuoro,Sardegna,756
Onanì,Nuoro,Sardegna,353
Onifai,Nuoro,Sardegna,718
Oniferi,Nuoro,Sardegna,852
Orani,Nuoro,Sardegna,2664
Orgosolo,Nuoro,Sardegna,3905
Orosei,Nuoro,Sardegna,6833
Orotelli,Nuoro,Sardegna,1862
Ortueri,Nuoro,Sardegna,1002
Orune,Nuoro,Sardegna,2098
Osidda,Nuoro,Sardegna,224
Osini,Nuoro,Sardegna,701
Ottana,Nuoro,Sardegna,2173
Ovodda,Nuoro,Sardegna,1481
Perdasdefogu,Nuoro,Sardegna,1717
Posada,Nuoro,Sardegna,3024
Sarule,Nuoro,Sardegna,1492
Silanus,Nuoro,Sardegna,1946
Sindia,Nuoro,Sardegna,1593
Siniscola,Nuoro,Sardegna,11189
Sorgono,Nuoro,Sardegna,1462
Talana,Nuoro,Sardegna,957
Tertenia,Nuoro,Sardegna,3862
Teti,Nuoro,Sardegna,588
Tiana,Nuoro,Sardegna,431
Tonara,Nuoro,Sardegna,1757
Torpè,Nuoro,Sardegna,2730
Tortolì,Nuoro,Sardegna,11000
Triei,Nuoro,Sardegna,1056
Ulassai,Nuoro,Sardegna,1361
Urzulei,Nuoro,Sardegna,1071
Ussassai,Nuoro,Sardegna,445
Villagrande Strisaili,Nuoro,Sardegna,2911
Abbasanta,Oristano,Sardegna,2567
Aidomaggiore,Oristano,Sardegna,382
Albagiara,Oristano,Sardegna,229
Ales,Oristano,Sardegna,1257
Allai,Oristano,Sardegna,349
Arborea,Oristano,Sardegna,3733
Ardauli,Oristano,Sardegna,760
Assolo,Oristano,Sardegna,329
Asuni,Oristano,Sardegna,300
Baradili,Oristano,Sardegna,80
Baratili San Pietro,Oristano,Sardegna,1210
Baressa,Oristano,Sardegna,553
Bauladu,Oristano,Sardegna,612
Bidonì,Oristano,Sardegna,122
Bonarcado,Oristano,Sardegna,1533
Boroneddu,Oristano,Sardegna,156
Bosa,Oristano,Sardegna,7398
Busachi,Oristano,Sardegna,1131
Cabras,Oristano,Sardegna,8831
Cuglieri,Oristano,Sardegna,2446
Curcuris,Oristano,Sardegna,302
Flussio,Oristano,Sardegna,398
Fordongianus,Oristano,Sardegna,815
Ghilarza,Oristano,Sardegna,4121
Gonnoscodina,Oristano,Sardegna,427
Gonnosnò,Oristano,Sardegna,676
Gonnostramatza,Oristano,Sardegna,796
Laconi,Oristano,Sardegna,1645
Magomadas,Oristano,Sardegna,604
Marrubiu,Oristano,Sardegna,4559
Masullas,Oristano,Sardegna,1000
Milis,Oristano,Sardegna,1395
Modolo,Oristano,Sardegna,175
Mogorella,Oristano,Sardegna,402
Mogoro,Oristano,Sardegna,3869
Montresta,Oristano,Sardegna,443
Morgongiori,Oristano,Sardegna,643
Narbolia,Oristano,Sardegna,1640
Neoneli,Oristano,Sardegna,607
Norbello,Oristano,Sardegna,1121
Nughedu Santa Vittoria,Oristano,Sardegna,425
Nurachi,Oristano,Sardegna,1660
Nureci,Oristano,Sardegna,309
Ollastra,Oristano,Sardegna,1103
Palmas Arborea,Oristano,Sardegna,1501
Pau,Oristano,Sardegna,270
Paulilatino,Oristano,Sardegna,2105
Pompu,Oristano,Sardegna,220
Riola Sardo,Oristano,Sardegna,2010
Ruinas,Oristano,Sardegna,586
Sagama,Oristano,Sardegna,188
Samugheo,Oristano,Sardegna,2708
San Nicolò d'Arcidano,Oristano,Sardegna,2451
San Vero Milis,Oristano,Sardegna,2408
Santa Giusta,Oristano,Sardegna,4601
Santu Lussurgiu,Oristano,Sardegna,2197
Scano di Montiferro,Oristano,Sardegna,1384
Sedilo,Oristano,Sardegna,1934
Seneghe,Oristano,Sardegna,1620
Senis,Oristano,Sardegna,386
Sennariolo,Oristano,Sardegna,153
Siamaggiore,Oristano,Sardegna,866
Siamanna,Oristano,Sardegna,752
Siapiccia,Oristano,Sardegna,350
Simala,Oristano,Sardegna,293
Simaxis,Oristano,Sardegna,2100
Sini,Oristano,Sardegna,494
Siris,Oristano,Sardegna,228
Soddì,Oristano,Sardegna,121
Solarussa,Oristano,Sardegna,2253
Sorradile,Oristano,Sardegna,334
Suni,Oristano,Sardegna,980
Tadasuni,Oristano,Sardegna,126
Terralba,Oristano,Sardegna,9633
Tinnura,Oristano,Sardegna,248
Tramatza,Oristano,Sardegna,921
Tresnuraghes,Oristano,Sardegna,1011
Ulà Tirso,Oristano,Sardegna,452
Uras,Oristano,Sardegna,2669
Usellus,Oristano,Sardegna,694
Villa Sant'Antonio,Oristano,Sardegna,325
Villa Verde,Oristano,Sardegna,267
Villanova Truschedu,Oristano,Sardegna,297
Villaurbana,Oristano,Sardegna,1448
Zeddiani,Oristano,Sardegna,1127
Zerfaliu,Oristano,Sardegna,980
Aggius,Sassari,Sardegna,1411
Aglientu,Sassari,Sardegna,1177
Alà dei Sardi,Sassari,Sardegna,1776
Anela,Sassari,Sardegna,560
Ardara,Sassari,Sardegna,716
Arzachena,Sassari,Sardegna,13436
Badesi,Sassari,Sardegna,1838
Banari,Sassari,Sardegna,515
Benetutti,Sassari,Sardegna,1664
Berchidda,Sassari,Sardegna,2584
Bessude,Sassari,Sardegna,375
Bonnanaro,Sassari,Sardegna,910
Bono,Sassari,Sardegna,3293
Bonorva,Sassari,Sardegna,3126
Bortigiadas,Sassari,Sardegna,709
Borutta,Sassari,Sardegna,242
Bottidda,Sassari,Sardegna,654
Buddusò,Sassari,Sardegna,3542
Budoni,Sassari,Sardegna,5504
Bultei,Sassari,Sardegna,804
Bulzi,Sassari,Sardegna,459
Burgos,Sassari,Sardegna,834
Calangianus,Sassari,Sardegna,3785
Cargeghe,Sassari,Sardegna,586
Castelsardo,Sassari,Sardegna,5625
Cheremule,Sassari,Sardegna,393
Chiaramonti,Sassari,Sardegna,1526
Codrongianos,Sassari,Sardegna,1267
Cossoine,Sassari,Sardegna,753
Erula,Sassari,Sardegna,688
Esporlatu,Sassari,Sardegna,366
Florinas,Sassari,Sardegna,1445
Giave,Sassari,Sardegna,477
Golfo Aranci,Sassari,Sardegna,2375
Illorai,Sassari,Sardegna,730
Ittireddu,Sassari,Sardegna,462
Ittiri,Sassari,Sardegna,7937
La Maddalena,Sassari,Sardegna,10582
Laerru,Sassari,Sardegna,822
Loiri Porto San Paolo,Sassari,Sardegna,3741
Luogosanto,Sassari,Sardegna,1802
Luras,Sassari,Sardegna,2375
Mara,Sassari,Sardegna,528
Martis,Sassari,Sardegna,459
Monteleone Rocca Doria,Sassari,Sardegna,103
Monti,Sassari,Sardegna,2348
Mores,Sassari,Sardegna,1698
Muros,Sassari,Sardegna,814
Nughedu San Nicolò,Sassari,Sardegna,725
Nule,Sassari,Sardegna,1286
Nulvi,Sassari,Sardegna,2588
Olmedo,Sassari,Sardegna,4208
Oschiri,Sassari,Sardegna,2970
Osilo,Sassari,Sardegna,2791
Ossi,Sassari,Sardegna,5438
Ozieri,Sassari,Sardegna,9762
Padria,Sassari,Sardegna,585
Padru,Sassari,Sardegna,2089
Palau,Sassari,Sardegna,4113
Pattada,Sassari,Sardegna,2827
Perfugas,Sassari,Sardegna,2243
Ploaghe,Sassari,Sardegna,4242
Porto Torres,Sassari,Sardegna,21041
Pozzomaggiore,Sassari,Sardegna,2339
Putifigari,Sassari,Sardegna,665
Romana,Sassari,Sardegna,476
San Teodoro,Sassari,Sardegna,5113
Sant'Antonio di Gallura,Sassari,Sardegna,1427
Santa Maria Coghinas,Sassari,Sardegna,1303
Santa Teresa Gallura,Sassari,Sardegna,5044
Sedini,Sassari,Sardegna,1223
Semestene,Sassari,Sardegna,125
Sennori,Sassari,Sardegna,6856
Siligo,Sassari,Sardegna,765
Sorso,Sassari,Sardegna,14374
Stintino,Sassari,Sardegna,1529
Telti,Sassari,Sardegna,2217
Tempio Pausania,Sassari,Sardegna,13133
Tergu,Sassari,Sardegna,608
Thiesi,Sassari,Sardegna,2715
Tissi,Sassari,Sardegna,2342
Torralba,Sassari,Sardegna,874
Trinità d'Agultu e Vignola,Sassari,Sardegna,2351
Tula,Sassari,Sardegna,1431
Uri,Sassari,Sardegna,2842
Usini,Sassari,Sardegna,4187
Valledoria,Sassari,Sardegna,4314
Viddalba,Sassari,Sardegna,1595
Villanova Monteleone,Sassari,Sardegna,2074
Arbus,Sud Sardegna,Sardegna,5658
Armungia,Sud Sardegna,Sardegna,399
Ballao,Sud Sardegna,Sardegna,719
Barrali,Sud Sardegna,Sardegna,1099
Barumini,Sud Sardegna,Sardegna,1135
Buggerru,Sud Sardegna,Sardegna,1026
Burcei,Sud Sardegna,Sardegna,2617
Calasetta,Sud Sardegna,Sardegna,2821
Carbonia,Sud Sardegna,Sardegna,25971
Carloforte,Sud Sardegna,Sardegna,5919
Castiadas,Sud Sardegna,Sardegna,1707
Collinas,Sud Sardegna,Sardegna,755
Decimoputzu,Sud Sardegna,Sardegna,4170
Dolianova,Sud Sardegna,Sardegna,9382
Domus de Maria,Sud Sardegna,Sardegna,1642
Domusnovas,Sud Sardegna,Sardegna,5801
Donori,Sud Sardegna,Sardegna,1959
Escalaplano,Sud Sardegna,Sardegna,2055
Escolca,Sud Sardegna,Sardegna,539
Esterzili,Sud Sardegna,Sardegna,560
Fluminimaggiore,Sud Sardegna,Sardegna,2631
Furtei,Sud Sardegna,Sardegna,1504
Genoni,Sud Sardegna,Sardegna,744
Genuri,Sud Sardegna,Sardegna,299
Gergei,Sud Sardegna,Sardegna,1101
Gesico,Sud Sardegna,Sardegna,728
Gesturi,Sud Sardegna,Sardegna,1136
Giba,Sud Sardegna,Sardegna,1914
Goni,Sud Sardegna,Sardegna,439
Gonnesa,Sud Sardegna,Sardegna,4557
Gonnosfanadiga,Sud Sardegna,Sardegna,6090
Guamaggiore,Sud Sardegna,Sardegna,894
Guasila,Sud Sardegna,Sardegna,2460
Guspini,Sud Sardegna,Sardegna,10856
Iglesias,Sud Sardegna,Sardegna,24908
Isili,Sud Sardegna,Sardegna,2443
Las Plassas,Sud Sardegna,Sardegna,205
Lunamatrona,Sud Sardegna,Sardegna,1597
Mandas,Sud Sardegna,Sardegna,1968
Masainas,Sud Sardegna,Sardegna,1198
Monastir,Sud Sardegna,Sardegna,4718
Muravera,Sud Sardegna,Sardegna,5085
Musei,Sud Sardegna,Sardegna,1498
Narcao,Sud Sardegna,Sardegna,3035
Nuragus,Sud Sardegna,Sardegna,815
Nurallao,Sud Sardegna,Sardegna,1126
Nuraminis,Sud Sardegna,Sardegna,2328
Nurri,Sud Sardegna,Sardegna,2017
Nuxis,Sud Sardegna,Sardegna,1420
Orroli,Sud Sardegna,Sardegna,1956
Ortacesus,Sud Sardegna,Sardegna,875
Pabillonis,Sud Sardegna,Sardegna,2438
Pauli Arbarei,Sud Sardegna,Sardegna,546
Perdaxius,Sud Sardegna,Sardegna,1301
Pimentel,Sud Sardegna,Sardegna,1102
Piscinas,Sud Sardegna,Sardegna,771
Portoscuso,Sud Sardegna,Sardegna,4792
Sadali,Sud Sardegna,Sardegna,802
Samassi,Sud Sardegna,Sardegna,4757
Samatzai,Sud Sardegna,Sardegna,1528
San Basilio,Sud Sardegna,Sardegna,1095
San Gavino Monreale,Sud Sardegna,Sardegna,7959
San Giovanni Suergiu,Sud Sardegna,Sardegna,5621
San Nicolò Gerrei,Sud Sardegna,Sardegna,727
San Sperate,Sud Sardegna,Sardegna,8488
San Vito,Sud Sardegna,Sardegna,3418
Sanluri,Sud Sardegna,Sardegna,8070
Sant'Andrea Frius,Sud Sardegna,Sardegna,1665
Sant'Anna Arresi,Sud Sardegna,Sardegna,2642
Sant'Antioco,Sud Sardegna,Sardegna,10601
Santadi,Sud Sardegna,Sardegna,3094
Sardara,Sud Sardegna,Sardegna,3777
Segariu,Sud Sardegna,Sardegna,1099
Selegas,Sud Sardegna,Sardegna,1278
Senorbì,Sud Sardegna,Sardegna,4793
Serdiana,Sud Sardegna,Sardegna,2645
Serramanna,Sud Sardegna,Sardegna,8504
Serrenti,Sud Sardegna,Sardegna,4506
Serri,Sud Sardegna,Sardegna,605
Setzu,Sud Sardegna,Sardegna,125
Seui,Sud Sardegna,Sardegna,1146
Seulo,Sud Sardegna,Sardegna,774
Siddi,Sud Sardegna,Sardegna,559
Siliqua,Sud Sardegna,Sardegna,3529
Silius,Sud Sardegna,Sardegna,1015
Siurgus Donigala,Sud Sardegna,Sardegna,1834
Soleminis,Sud Sardegna,Sardegna,1873
Suelli,Sud Sardegna,Sardegna,1080
Teulada,Sud Sardegna,Sardegna,3220
Tratalias,Sud Sardegna,Sardegna,988
Tuili,Sud Sardegna,Sardegna,916
Turri,Sud Sardegna,Sardegna,375
Ussana,Sud Sardegna,Sardegna,4017
Ussaramanna,Sud Sardegna,Sardegna,475
Vallermosa,Sud Sardegna,Sardegna,1783
Villacidro,Sud Sardegna,Sardegna,13117
Villamar,Sud Sardegna,Sardegna,2418
Villamassargia,Sud Sardegna,Sardegna,3326
Villanova Tulo,Sud Sardegna,Sardegna,1007
Villanovaforru,Sud Sardegna,Sardegna,655
Villanovafranca,Sud Sardegna,Sardegna,1163
Villaperuccio,Sud Sardegna,Sardegna,1006
Villaputzu,Sud Sardegna,Sardegna,4438
Villasalto,Sud Sardegna,Sardegna,938
Villasimius,Sud Sardegna,Sardegna,3721
Villasor,Sud Sardegna,Sardegna,6600
Villaspeciosa,Sud Sardegna,Sardegna,2616
Aci Bonaccorsi,-,Sicilia,3558
Aci Castello,-,Sicilia,17755
Aci Catena,-,Sicilia,27740
Aci Sant'Antonio,-,Sicilia,18079
Acquedolci,-,Sicilia,5485
Alcara li Fusi,-,Sicilia,1654
Alì,-,Sicilia,632
Alì Terme,-,Sicilia,2318
Alia,-,Sicilia,3241
Alimena,-,Sicilia,1793
Aliminusa,-,Sicilia,1043
Altavilla Milicia,-,Sicilia,8837
Altofonte,-,Sicilia,9775
Antillo,-,Sicilia,795
Balestrate,-,Sicilia,6283
Basicò,-,Sicilia,635
Baucina,-,Sicilia,1848
Belmonte Mezzagno,-,Sicilia,10839
Belpasso,-,Sicilia,28177
Biancavilla,-,Sicilia,22962
Bisacquino,-,Sicilia,4061
Blufi,-,Sicilia,859
Bolognetta,-,Sicilia,4126
Bompietro,-,Sicilia,1153
Borgetto,-,Sicilia,7148
Brolo,-,Sicilia,5748
Bronte,-,Sicilia,18222
Caccamo,-,Sicilia,7625
Calatabiano,-,Sicilia,5118
Caltavuturo,-,Sicilia,3430
Campofelice di Fitalia,-,Sicilia,435
Campofelice di Roccella,-,Sicilia,7759
Campofiorito,-,Sicilia,1123
Camporeale,-,Sicilia,2936
Camporotondo Etneo,-,Sicilia,5185
Capaci,-,Sicilia,11334
Capizzi,-,Sicilia,2816
Capo d'Orlando,-,Sicilia,13111
Capri Leone,-,Sicilia,4361
Caronia,-,Sicilia,3001
Casalvecchio Siculo,-,Sicilia,718
Castel di Iudica,-,Sicilia,4256
Castel di Lucio,-,Sicilia,1328
Castelbuono,-,Sicilia,8018
Casteldaccia,-,Sicilia,11690
Castell'Umberto,-,Sicilia,2815
Castellana Sicula,-,Sicilia,2974
Castelmola,-,Sicilia,1071
Castiglione di Sicilia,-,Sicilia,2889
Castronovo di Sicilia,-,Sicilia,2779
Castroreale,-,Sicilia,2266
Cefalà Diana,-,Sicilia,976
Cefalù,-,Sicilia,13861
Cerda,-,Sicilia,4866
Cesarò,-,Sicilia,2115
Chiusa Sclafani,-,Sicilia,2475
Ciminna,-,Sicilia,3354
Cinisi,-,Sicilia,11948
Collesano,-,Sicilia,3654
Condrò,-,Sicilia,481
Contessa Entellina,-,Sicilia,1473
Corleone,-,Sicilia,10279
Falcone,-,Sicilia,2812
Ficarazzi,-,Sicilia,12823
Ficarra,-,Sicilia,1283
Fiumedinisi,-,Sicilia,1283
Fiumefreddo di Sicilia,-,Sicilia,9034
Floresta,-,Sicilia,468
Fondachelli-Fantina,-,Sicilia,1083
Forza d'Agrò,-,Sicilia,847
Francavilla di Sicilia,-,Sicilia,3533
Frazzanò,-,Sicilia,561
Furci Siculo,-,Sicilia,3193
Furnari,-,Sicilia,4178
Gaggi,-,Sicilia,3088
Galati Mamertino,-,Sicilia,2206
Gallodoro,-,Sicilia,323
Gangi,-,Sicilia,5997
Geraci Siculo,-,Sicilia,1684
Giardinello,-,Sicilia,2245
Giardini-Naxos,-,Sicilia,9363
Giarre,-,Sicilia,26508
Gioiosa Marea,-,Sicilia,6767
Giuliana,-,Sicilia,1668
Godrano,-,Sicilia,1032
Grammichele,-,Sicilia,12353
Graniti,-,Sicilia,1453
Gratteri,-,Sicilia,848
Gravina di Catania,-,Sicilia,25317
Gualtieri Sicaminò,-,Sicilia,1555
Isnello,-,Sicilia,1283
Isola delle Femmine,-,Sicilia,7031
Itala,-,Sicilia,1479
Lascari,-,Sicilia,3706
Leni,-,Sicilia,677
Lercara Friddi,-,Sicilia,6115
Letojanni,-,Sicilia,2910
Librizzi,-,Sicilia,1566
Licodia Eubea,-,Sicilia,2755
Limina,-,Sicilia,725
Linguaglossa,-,Sicilia,5055
Lipari,-,Sicilia,12676
Longi,-,Sicilia,1290
Maletto,-,Sicilia,3567
Malfa,-,Sicilia,1004
Malvagna,-,Sicilia,608
Mandanici,-,Sicilia,493
Maniace,-,Sicilia,3763
Marineo,-,Sicilia,6054
Mascali,-,Sicilia,14401
Mazzarrà Sant'Andrea,-,Sicilia,1390
Mazzarrone,-,Sicilia,3982
Merì,-,Sicilia,2309
Mezzojuso,-,Sicilia,2578
Militello in Val di Catania,-,Sicilia,6747
Militello Rosmarino,-,Sicilia,1147
Milo,-,Sicilia,1023
Mineo,-,Sicilia,4418
Mirabella Imbaccari,-,Sicilia,4233
Mirto,-,Sicilia,873
Misilmeri,-,Sicilia,28939
Mistretta,-,Sicilia,4308
Moio Alcantara,-,Sicilia,686
Monforte San Giorgio,-,Sicilia,2442
Mongiuffi Melia,-,Sicilia,520
Montagnareale,-,Sicilia,1373
Montalbano Elicona,-,Sicilia,2065
Montelepre,-,Sicilia,5670
Montemaggiore Belsito,-,Sicilia,2893
Motta Camastra,-,Sicilia,790
Motta d'Affermo,-,Sicilia,654
Motta Sant'Anastasia,-,Sicilia,12072
Naso,-,Sicilia,3419
Nicolosi,-,Sicilia,7587
Nizza di Sicilia,-,Sicilia,3520
Novara di Sicilia,-,Sicilia,1131
Oliveri,-,Sicilia,2174
Pace del Mela,-,Sicilia,5962
Pagliara,-,Sicilia,1116
Palagonia,-,Sicilia,15654
Palazzo Adriano,-,Sicilia,1765
Patti,-,Sicilia,12680
Pedara,-,Sicilia,15161
Petralia Soprana,-,Sicilia,2905
Petralia Sottana,-,Sicilia,2412
Pettineo,-,Sicilia,1239
Piana degli Albanesi,-,Sicilia,5321
Piedimonte Etneo,-,Sicilia,3905
Piraino,-,Sicilia,3794
Polizzi Generosa,-,Sicilia,2860
Pollina,-,Sicilia,2829
Prizzi,-,Sicilia,4130
Raccuja,-,Sicilia,834
Raddusa,-,Sicilia,2783
Ragalna,-,Sicilia,4217
Ramacca,-,Sicilia,10188
Randazzo,-,Sicilia,10151
Reitano,-,Sicilia,716
Riposto,-,Sicilia,13983
Roccafiorita,-,Sicilia,178
Roccalumera,-,Sicilia,4062
Roccamena,-,Sicilia,1305
Roccapalumba,-,Sicilia,2177
Roccavaldina,-,Sicilia,1004
Roccella Valdemone,-,Sicilia,561
Rodì Milici,-,Sicilia,1948
Rometta,-,Sicilia,6584
San Cipirello,-,Sicilia,4886
San Cono,-,Sicilia,2445
San Filippo del Mela,-,Sicilia,6694
San Fratello,-,Sicilia,3222
San Giovanni la Punta,-,Sicilia,24022
San Giuseppe Jato,-,Sicilia,8010
San Gregorio di Catania,-,Sicilia,11483
San Marco d'Alunzio,-,Sicilia,1818
San Mauro Castelverde,-,Sicilia,1315
San Michele di Ganzaria,-,Sicilia,2846
San Pier Niceto,-,Sicilia,2588
San Piero Patti,-,Sicilia,2601
San Pietro Clarenza,-,Sicilia,8349
San Salvatore di Fitalia,-,Sicilia,1119
San Teodoro,-,Sicilia,1248
Sant'Agata di Militello,-,Sicilia,11939
Sant'Agata li Battiati,-,Sicilia,9270
Sant'Alessio Siculo,-,Sicilia,1547
Sant'Alfio,-,Sicilia,1520
Sant'Angelo di Brolo,-,Sicilia,2717
Santa Cristina Gela,-,Sicilia,993
Santa Domenica Vittoria,-,Sicilia,861
Santa Flavia,-,Sicilia,11042
Santa Lucia del Mela,-,Sicilia,4373
Santa Maria di Licodia,-,Sicilia,7563
Santa Marina Salina,-,Sicilia,856
Santa Teresa di Riva,-,Sicilia,9265
Santa Venerina,-,Sicilia,8424
Santo Stefano di Camastra,-,Sicilia,4349
Saponara,-,Sicilia,3675
Savoca,-,Sicilia,1727
Scaletta Zanclea,-,Sicilia,1845
Sciara,-,Sicilia,2492
Scillato,-,Sicilia,590
Sclafani Bagni,-,Sicilia,369
Scordia,-,Sicilia,16042
Sinagra,-,Sicilia,2465
Spadafora,-,Sicilia,4654
Taormina,-,Sicilia,10498
Terme Vigliatore,-,Sicilia,7222
Termini Imerese,-,Sicilia,24865
Terrasini,-,Sicilia,12982
Torregrotta,-,Sicilia,7289
Torrenova,-,Sicilia,4507
Torretta,-,Sicilia,4384
Tortorici,-,Sicilia,5630
Trabia,-,Sicilia,10644
Trappeto,-,Sicilia,3106
Trecastagni,-,Sicilia,11313
Tremestieri Etneo,-,Sicilia,19397
Tripi,-,Sicilia,746
Tusa,-,Sicilia,2540
Ucria,-,Sicilia,875
Ustica,-,Sicilia,1309
Valdina,-,Sicilia,1255
Valledolmo,-,Sicilia,3124
Valverde,-,Sicilia,7850
Venetico,-,Sicilia,3965
Ventimiglia di Sicilia,-,Sicilia,1768
Viagrande,-,Sicilia,8922
Vicari,-,Sicilia,2389
Villabate,-,Sicilia,19521
Villafranca Tirrena,-,Sicilia,7924
Villafrati,-,Sicilia,3104
Vizzini,-,Sicilia,5674
Zafferana Etnea,-,Sicilia,9384
Alessandria della Rocca,Agrigento,Sicilia,2399
Aragona,Agrigento,Sicilia,8682
Bivona,Agrigento,Sicilia,3120
Burgio,Agrigento,Sicilia,2474
Calamonaci,Agrigento,Sicilia,1143
Caltabellotta,Agrigento,Sicilia,3144
Camastra,Agrigento,Sicilia,1980
Cammarata,Agrigento,Sicilia,5837
Campobello di Licata,Agrigento,Sicilia,9018
Casteltermini,Agrigento,Sicilia,7217
Castrofilippo,Agrigento,Sicilia,2592
Cattolica Eraclea,Agrigento,Sicilia,3273
Cianciana,Agrigento,Sicilia,3040
Comitini,Agrigento,Sicilia,836
Grotte,Agrigento,Sicilia,5141
Joppolo Giancaxio,Agrigento,Sicilia,1059
Lampedusa e Linosa,Agrigento,Sicilia,6522
Lucca Sicula,Agrigento,Sicilia,1697
Menfi,Agrigento,Sicilia,11834
Montallegro,Agrigento,Sicilia,2357
Montevago,Agrigento,Sicilia,2654
Naro,Agrigento,Sicilia,6971
Palma di Montechiaro,Agrigento,Sicilia,21369
Porto Empedocle,Agrigento,Sicilia,15600
Racalmuto,Agrigento,Sicilia,7484
Raffadali,Agrigento,Sicilia,11877
Ravanusa,Agrigento,Sicilia,10284
Realmonte,Agrigento,Sicilia,4395
Ribera,Agrigento,Sicilia,17802
Sambuca di Sicilia,Agrigento,Sicilia,5301
San Biagio Platani,Agrigento,Sicilia,2836
San Giovanni Gemini,Agrigento,Sicilia,7480
Sant'Angelo Muxaro,Agrigento,Sicilia,1170
Santa Elisabetta,Agrigento,Sicilia,2176
Santa Margherita di Belice,Agrigento,Sicilia,5961
Santo Stefano Quisquina,Agrigento,Sicilia,3998
Siculiana,Agrigento,Sicilia,4149
Villafranca Sicula,Agrigento,Sicilia,1321
Acquaviva Platani,Caltanissetta,Sicilia,855
Bompensiere,Caltanissetta,Sicilia,478
Butera,Caltanissetta,Sicilia,4118
Campofranco,Caltanissetta,Sicilia,2599
Delia,Caltanissetta,Sicilia,3871
Marianopoli,Caltanissetta,Sicilia,1553
Mazzarino,Caltanissetta,Sicilia,10819
Milena,Caltanissetta,Sicilia,2670
Montedoro,Caltanissetta,Sicilia,1360
Mussomeli,Caltanissetta,Sicilia,9915
Niscemi,Caltanissetta,Sicilia,24885
Resuttano,Caltanissetta,Sicilia,1720
Riesi,Caltanissetta,Sicilia,10409
San Cataldo,Caltanissetta,Sicilia,20668
Santa Caterina Villarmosa,Caltanissetta,Sicilia,4572
Serradifalco,Caltanissetta,Sicilia,5456
Sommatino,Caltanissetta,Sicilia,6363
Sutera,Caltanissetta,Sicilia,1156
Vallelunga Pratameno,Caltanissetta,Sicilia,3061
Villalba,Caltanissetta,Sicilia,1391
Agira,Enna,Sicilia,7632
Aidone,Enna,Sicilia,4208
Assoro,Enna,Sicilia,4776
Barrafranca,Enna,Sicilia,11664
Calascibetta,Enna,Sicilia,4029
Catenanuova,Enna,Sicilia,4454
Centuripe,Enna,Sicilia,5011
Cerami,Enna,Sicilia,1857
Enna,Enna,Sicilia,25332
Gagliano Castelferrato,Enna,Sicilia,3201
Leonforte,Enna,Sicilia,12191
Nicosia,Enna,Sicilia,12594
Nissoria,Enna,Sicilia,2833
Piazza Armerina,Enna,Sicilia,20619
Pietraperzia,Enna,Sicilia,6315
Regalbuto,Enna,Sicilia,6626
Sperlinga,Enna,Sicilia,675
Troina,Enna,Sicilia,8405
Valguarnera Caropepe,Enna,Sicilia,6846
Villarosa,Enna,Sicilia,4288
Acate,Ragusa,Sicilia,10400
Chiaramonte Gulfi,Ragusa,Sicilia,7981
Giarratana,Ragusa,Sicilia,2908
Ispica,Ragusa,Sicilia,16350
Monterosso Almo,Ragusa,Sicilia,2750
Pozzallo,Ragusa,Sicilia,18903
Santa Croce Camerina,Ragusa,Sicilia,11175
Scicli,Ragusa,Sicilia,26813
Buccheri,Siracusa,Sicilia,1720
Buscemi,Siracusa,Sicilia,944
Canicattini Bagni,Siracusa,Sicilia,6513
Carlentini,Siracusa,Sicilia,17065
Cassaro,Siracusa,Sicilia,720
Ferla,Siracusa,Sicilia,2259
Floridia,Siracusa,Sicilia,21243
Francofonte,Siracusa,Sicilia,11661
Lentini,Siracusa,Sicilia,21450
Melilli,Siracusa,Sicilia,13183
Noto,Siracusa,Sicilia,24412
Pachino,Siracusa,Sicilia,21840
Palazzolo Acreide,Siracusa,Sicilia,8053
Portopalo di Capo Passero,Siracusa,Sicilia,3817
Priolo Gargallo,Siracusa,Sicilia,11233
Rosolini,Siracusa,Sicilia,20562
Solarino,Siracusa,Sicilia,7528
Sortino,Siracusa,Sicilia,8142
Buseto Palizzolo,Trapani,Sicilia,2745
Calatafimi-Segesta,Trapani,Sicilia,6066
Campobello di Mazara,Trapani,Sicilia,11340
Castellammare del Golfo,Trapani,Sicilia,14691
Castelvetrano,Trapani,Sicilia,29281
Custonaci,Trapani,Sicilia,5258
Erice,Trapani,Sicilia,26010
Favignana,Trapani,Sicilia,4512
Gibellina,Trapani,Sicilia,3676
Misiliscemi,Trapani,Sicilia,8491
Paceco,Trapani,Sicilia,10635
Pantelleria,Trapani,Sicilia,7268
Partanna,Trapani,Sicilia,9788
Petrosino,Trapani,Sicilia,7927
Poggioreale,Trapani,Sicilia,1292
Salaparuta,Trapani,Sicilia,1552
Salemi,Trapani,Sicilia,9942
San Vito Lo Capo,Trapani,Sicilia,4804
Santa Ninfa,Trapani,Sicilia,4753
Valderice,Trapani,Sicilia,11395
Vita,Trapani,Sicilia,1768
